,total_pop,white_pop,black_pop,county,state,tract,GEOID10,percent_white
0,2395.0,2248.0,4.0,001,53,950100,53001950100,93.86221294363257
1,1621.0,1454.0,0.0,001,53,950200,53001950200,89.69771745835904
2,7099.0,4130.0,27.0,001,53,950300,53001950300,58.17720805747288
3,3123.0,2236.0,8.0,001,53,950400,53001950400,71.59782260646814
4,4843.0,2825.0,0.0,001,53,950500,53001950500,58.33161263679537
5,4247.0,3798.0,0.0,003,53,960100,53003960100,89.42783141040735
6,4845.0,4585.0,39.0,003,53,960200,53003960200,94.63364293085655
7,3314.0,3117.0,22.0,003,53,960300,53003960300,94.05552202776101
8,2250.0,2131.0,29.0,003,53,960400,53003960400,94.71111111111111
9,3868.0,3602.0,8.0,003,53,960500,53003960500,93.12306101344365
10,3516.0,3381.0,0.0,003,53,960600,53003960600,96.160409556314
11,4521.0,4056.0,0.0,005,53,010100,53005010100,89.71466489714665
12,5057.0,4487.0,185.0,005,53,010201,53005010201,88.72849515523036
13,6375.0,5100.0,16.0,005,53,010202,53005010202,80.0
14,5704.0,4881.0,9.0,005,53,010300,53005010300,85.57152875175316
15,3453.0,2986.0,29.0,005,53,010400,53005010400,86.47552852591949
16,3411.0,2570.0,53.0,005,53,010500,53005010500,75.3444737613603
17,4177.0,3420.0,79.0,005,53,010600,53005010600,81.87694517596361
18,2153.0,1957.0,36.0,005,53,010701,53005010701,90.89642359498374
19,3348.0,2849.0,13.0,005,53,010703,53005010703,85.09557945041816
20,5300.0,5042.0,32.0,005,53,010705,53005010705,95.13207547169812
21,3028.0,2806.0,9.0,005,53,010707,53005010707,92.66842800528401
22,2449.0,2091.0,21.0,005,53,010708,53005010708,85.38178848509595
23,7611.0,6554.0,52.0,005,53,010803,53005010803,86.1122060176061
24,6149.0,5053.0,213.0,005,53,010805,53005010805,82.17596357131241
25,1151.0,1001.0,0.0,005,53,010807,53005010807,86.96785403996525
26,6210.0,5455.0,61.0,005,53,010809,53005010809,87.84219001610306
27,5267.0,4970.0,0.0,005,53,010810,53005010810,94.36111638503893
28,3638.0,3283.0,10.0,005,53,010811,53005010811,90.24189114898296
29,10871.0,9335.0,252.0,005,53,010813,53005010813,85.87066507221047
30,2946.0,2834.0,0.0,005,53,010814,53005010814,96.19823489477257
31,7157.0,5230.0,263.0,005,53,010901,53005010901,73.0753108844488
32,5141.0,3214.0,86.0,005,53,010902,53005010902,62.517020035012635
33,4853.0,3804.0,75.0,005,53,011001,53005011001,78.38450443024934
34,4588.0,3585.0,14.0,005,53,011002,53005011002,78.13862249346121
35,7957.0,5594.0,54.0,005,53,011100,53005011100,70.30287796908382
36,8300.0,4914.0,273.0,005,53,011200,53005011200,59.204819277108435
37,5206.0,3394.0,256.0,005,53,011300,53005011300,65.19400691509797
38,3318.0,2194.0,154.0,005,53,011401,53005011401,66.12417118746232
39,5655.0,4658.0,6.0,005,53,011402,53005011402,82.36958443854996
40,6549.0,5543.0,63.0,005,53,011501,53005011501,84.63887616429989
41,9269.0,7826.0,313.0,005,53,011503,53005011503,84.43197755960729
42,3210.0,2732.0,106.0,005,53,011504,53005011504,85.10903426791278
43,997.0,609.0,0.0,005,53,011600,53005011600,61.08324974924775
44,7249.0,4872.0,0.0,005,53,011700,53005011700,67.20927024417162
45,7143.0,5144.0,4.0,005,53,011800,53005011800,72.01455970880582
46,5497.0,4181.0,18.0,005,53,011900,53005011900,76.05966891031471
47,22.0,22.0,0.0,005,53,012000,53005012000,100.0
48,2274.0,2176.0,0.0,007,53,960100,53007960100,95.69041336851363
49,6218.0,5837.0,29.0,007,53,960200,53007960200,93.87262785461563
50,6908.0,5757.0,0.0,007,53,960300,53007960300,83.33815865662999
51,3328.0,3155.0,49.0,007,53,960400,53007960400,94.8016826923077
52,6858.0,6167.0,0.0,007,53,960500,53007960500,89.92417614464858
53,4254.0,3918.0,20.0,007,53,960600,53007960600,92.1015514809591
54,3665.0,3513.0,20.0,007,53,960700,53007960700,95.85266030013642
55,2787.0,2739.0,9.0,007,53,960801,53007960801,98.27771797631863
56,7429.0,7008.0,1.0,007,53,960802,53007960802,94.33301924888949
57,6451.0,5709.0,39.0,007,53,961000,53007961000,88.4979073011936
58,10289.0,8903.0,22.0,007,53,961100,53007961100,86.52930313927494
59,4395.0,4144.0,15.0,007,53,961200,53007961200,94.28896473265074
60,1350.0,940.0,131.0,007,53,961301,53007961301,69.62962962962963
61,8061.0,6950.0,5.0,007,53,961302,53007961302,86.21759086961916
62,1120.0,933.0,41.0,009,53,000200,53009000200,83.30357142857143
63,4742.0,4064.0,90.0,009,53,000300,53009000300,85.70223534373682
64,1570.0,1111.0,0.0,009,53,000400,53009000400,70.76433121019107
65,3338.0,2967.0,0.0,009,53,000600,53009000600,88.88556021569802
66,3855.0,3585.0,39.0,009,53,000700,53009000700,92.99610894941634
67,4169.0,3871.0,12.0,009,53,000800,53009000800,92.8520028783881
68,2765.0,2524.0,13.0,009,53,000900,53009000900,91.28390596745028
69,2563.0,2292.0,2.0,009,53,001000,53009001000,89.42645337495124
70,3229.0,2577.0,263.0,009,53,001100,53009001100,79.80799008981108
71,3552.0,3256.0,13.0,009,53,001200,53009001200,91.66666666666666
72,3442.0,3317.0,14.0,009,53,001300,53009001300,96.36839047065659
73,4951.0,4394.0,0.0,009,53,001400,53009001400,88.74974752575238
74,2362.0,1601.0,0.0,009,53,001500,53009001500,67.78154106689246
75,3275.0,3167.0,0.0,009,53,001600,53009001600,96.70229007633587
76,4535.0,4233.0,0.0,009,53,001700,53009001700,93.3406835722161
77,2720.0,2483.0,0.0,009,53,001800,53009001800,91.28676470588235
78,5353.0,5096.0,0.0,009,53,001900,53009001900,95.19895385764991
79,5364.0,4890.0,89.0,009,53,002000,53009002000,91.16331096196868
80,3598.0,3120.0,42.0,009,53,002100,53009002100,86.71484157865481
81,4363.0,4130.0,44.0,009,53,002300,53009002300,94.65963786385515
82,1531.0,163.0,2.0,009,53,940000,53009940000,10.646636185499673
83,0.0,0.0,0.0,009,53,990100,53009990100,
84,5190.0,5025.0,14.0,011,53,040101,53011040101,96.82080924855492
85,3367.0,3288.0,18.0,011,53,040102,53011040102,97.65369765369766
86,5390.0,4889.0,51.0,011,53,040201,53011040201,90.70500927643785
87,4040.0,3591.0,129.0,011,53,040202,53011040202,88.88613861386139
88,5665.0,5255.0,0.0,011,53,040203,53011040203,92.76257722859664
89,1496.0,1416.0,0.0,011,53,040301,53011040301,94.6524064171123
90,6980.0,6419.0,0.0,011,53,040302,53011040302,91.96275071633238
91,3809.0,3591.0,71.0,011,53,040403,53011040403,94.2767130480441
92,5446.0,5205.0,28.0,011,53,040407,53011040407,95.57473374954095
93,3514.0,3305.0,29.0,011,53,040408,53011040408,94.05236198064884
94,1696.0,1653.0,0.0,011,53,040409,53011040409,97.46462264150944
95,2098.0,1964.0,10.0,011,53,040411,53011040411,93.61296472831268
96,4473.0,3978.0,49.0,011,53,040412,53011040412,88.93360160965796
97,2915.0,2813.0,8.0,011,53,040413,53011040413,96.5008576329331
98,6015.0,5429.0,33.0,011,53,040414,53011040414,90.25768911055694
99,4314.0,4106.0,38.0,011,53,040415,53011040415,95.1784886416319
100,3414.0,3175.0,26.0,011,53,040416,53011040416,92.99941417691858
101,5051.0,4689.0,82.0,011,53,040504,53011040504,92.83310235596912
102,5993.0,5661.0,6.0,011,53,040505,53011040505,94.46020357083263
103,2289.0,1970.0,0.0,011,53,040507,53011040507,86.06378331148974
104,6615.0,6129.0,103.0,011,53,040508,53011040508,92.65306122448979
105,3153.0,2804.0,0.0,011,53,040509,53011040509,88.93117665715192
106,5240.0,5006.0,0.0,011,53,040510,53011040510,95.53435114503816
107,2307.0,2099.0,0.0,011,53,040511,53011040511,90.98396185522324
108,4584.0,4283.0,32.0,011,53,040603,53011040603,93.43368237347295
109,6171.0,5120.0,127.0,011,53,040604,53011040604,82.96872467995463
110,5126.0,4533.0,228.0,011,53,040605,53011040605,88.43152555598908
111,4258.0,3465.0,100.0,011,53,040608,53011040608,81.37623297322688
112,4799.0,4052.0,15.0,011,53,040609,53011040609,84.43425713690353
113,3496.0,3097.0,27.0,011,53,040610,53011040610,88.58695652173914
114,6695.0,5973.0,146.0,011,53,040703,53011040703,89.21583271097833
115,3534.0,3022.0,62.0,011,53,040706,53011040706,85.51216751556309
116,3227.0,3092.0,0.0,011,53,040707,53011040707,95.8165478772854
117,4403.0,3716.0,163.0,011,53,040709,53011040709,84.39700204406087
118,5602.0,5041.0,43.0,011,53,040710,53011040710,89.98571938593359
119,3712.0,2913.0,209.0,011,53,040711,53011040711,78.47521551724138
120,5897.0,4465.0,88.0,011,53,040712,53011040712,75.71646599966084
121,5490.0,4591.0,13.0,011,53,040803,53011040803,83.6247723132969
122,6201.0,5548.0,93.0,011,53,040805,53011040805,89.46944041283665
123,5100.0,4561.0,24.0,011,53,040806,53011040806,89.4313725490196
124,1789.0,1683.0,17.0,011,53,040808,53011040808,94.07490217998881
125,6210.0,4519.0,98.0,011,53,040809,53011040809,72.76972624798712
126,2723.0,2133.0,17.0,011,53,040810,53011040810,78.33272126331252
127,6532.0,5612.0,70.0,011,53,040904,53011040904,85.91549295774648
128,2962.0,2857.0,53.0,011,53,040905,53011040905,96.45509790681972
129,5108.0,4516.0,156.0,011,53,040907,53011040907,88.4103367267032
130,6598.0,6142.0,53.0,011,53,040908,53011040908,93.08881479236132
131,5211.0,4898.0,14.0,011,53,040909,53011040909,93.9934753406256
132,4468.0,4055.0,0.0,011,53,040910,53011040910,90.75649059982095
133,3963.0,3614.0,27.0,011,53,041003,53011041003,91.1935402472874
134,2410.0,1636.0,118.0,011,53,041005,53011041005,67.88381742738589
135,3218.0,2760.0,87.0,011,53,041007,53011041007,85.76755748912367
136,4025.0,3470.0,21.0,011,53,041008,53011041008,86.2111801242236
137,3698.0,3299.0,90.0,011,53,041009,53011041009,89.21038399134667
138,3988.0,3341.0,163.0,011,53,041010,53011041010,83.77632898696088
139,3038.0,2707.0,33.0,011,53,041011,53011041011,89.1046741277156
140,4490.0,3725.0,149.0,011,53,041104,53011041104,82.96213808463251
141,5253.0,4288.0,252.0,011,53,041105,53011041105,81.62954502189224
142,2580.0,2220.0,1.0,011,53,041107,53011041107,86.04651162790698
143,6299.0,5358.0,88.0,011,53,041108,53011041108,85.06112081282743
144,6167.0,5070.0,145.0,011,53,041110,53011041110,82.21177233663045
145,3473.0,2418.0,139.0,011,53,041111,53011041111,69.62280449179383
146,6010.0,4672.0,238.0,011,53,041112,53011041112,77.73710482529118
147,6405.0,4959.0,334.0,011,53,041201,53011041201,77.42388758782201
148,5094.0,3780.0,474.0,011,53,041203,53011041203,74.20494699646643
149,4697.0,3689.0,5.0,011,53,041205,53011041205,78.53949329359166
150,4722.0,3918.0,153.0,011,53,041206,53011041206,82.9733163913596
151,5324.0,4179.0,28.0,011,53,041309,53011041309,78.49361382419234
152,4772.0,4079.0,139.0,011,53,041310,53011041310,85.47778709136631
153,4338.0,3172.0,192.0,011,53,041312,53011041312,73.1212540341171
154,2517.0,1846.0,86.0,011,53,041313,53011041313,73.34127930075486
155,3980.0,3020.0,316.0,011,53,041317,53011041317,75.87939698492463
156,5109.0,4069.0,84.0,011,53,041318,53011041318,79.64376590330788
157,5369.0,4268.0,68.0,011,53,041319,53011041319,79.49338796796424
158,6830.0,5145.0,278.0,011,53,041320,53011041320,75.32942898975111
159,2954.0,2450.0,9.0,011,53,041321,53011041321,82.93838862559242
160,4754.0,3692.0,138.0,011,53,041322,53011041322,77.66091712242323
161,5353.0,4510.0,175.0,011,53,041323,53011041323,84.25182140855595
162,5143.0,3903.0,102.0,011,53,041325,53011041325,75.88955862337158
163,2569.0,1942.0,128.0,011,53,041326,53011041326,75.59361619307123
164,8624.0,6135.0,265.0,011,53,041327,53011041327,71.1386827458256
165,6233.0,4874.0,44.0,011,53,041328,53011041328,78.19669501042836
166,4346.0,3418.0,45.0,011,53,041329,53011041329,78.6470317533364
167,4313.0,3491.0,47.0,011,53,041330,53011041330,80.94134013447716
168,2927.0,2065.0,0.0,011,53,041331,53011041331,70.55005124701059
169,3842.0,2776.0,0.0,011,53,041332,53011041332,72.25403435710568
170,3097.0,2569.0,132.0,011,53,041333,53011041333,82.95124313852115
171,5257.0,4719.0,8.0,011,53,041400,53011041400,89.76602625071334
172,2875.0,2694.0,0.0,011,53,041500,53011041500,93.70434782608696
173,3468.0,2595.0,198.0,011,53,041600,53011041600,74.82698961937716
174,3711.0,2720.0,120.0,011,53,041700,53011041700,73.29560765292375
175,3526.0,2641.0,49.0,011,53,041800,53011041800,74.90073737946682
176,1961.0,1689.0,54.0,011,53,041900,53011041900,86.12952575216725
177,1745.0,1632.0,21.0,011,53,042000,53011042000,93.5243553008596
178,2849.0,2460.0,42.0,011,53,042100,53011042100,86.34608634608635
179,2955.0,2570.0,104.0,011,53,042300,53011042300,86.97123519458545
180,2250.0,1862.0,111.0,011,53,042400,53011042400,82.75555555555556
181,1174.0,989.0,65.0,011,53,042500,53011042500,84.24190800681431
182,5049.0,4038.0,71.0,011,53,042600,53011042600,79.97623291740939
183,4759.0,3175.0,60.0,011,53,042700,53011042700,66.7156965749107
184,3120.0,2666.0,172.0,011,53,042800,53011042800,85.44871794871794
185,1651.0,1311.0,45.0,011,53,042900,53011042900,79.40642035130224
186,1747.0,1426.0,67.0,011,53,043000,53011043000,81.62564396107614
187,4119.0,3558.0,53.0,011,53,043100,53011043100,86.38018936635106
188,3989.0,3660.0,14.0,013,53,960200,53013960200,91.75231887691152
189,601.0,431.0,38.0,015,53,000300,53015000300,71.71381031613977
190,3488.0,3245.0,22.0,015,53,000400,53015000400,93.03325688073394
191,2896.0,2555.0,0.0,015,53,000501,53015000501,88.22513812154696
192,4833.0,4173.0,45.0,015,53,000502,53015000502,86.34388578522658
193,3676.0,3190.0,17.0,015,53,000601,53015000601,86.7791077257889
194,3148.0,2915.0,12.0,015,53,000602,53015000602,92.5984752223634
195,3136.0,2936.0,1.0,015,53,000702,53015000702,93.62244897959184
196,1429.0,1241.0,0.0,015,53,000703,53015000703,86.8439468159552
197,7114.0,6375.0,13.0,015,53,000704,53015000704,89.61203261175147
198,6743.0,6199.0,0.0,015,53,000800,53015000800,91.93237431410351
199,7239.0,6505.0,69.0,015,53,000900,53015000900,89.86047796656997
200,1307.0,1121.0,4.0,015,53,001000,53015001000,85.76893649579189
201,5565.0,5063.0,142.0,015,53,001100,53015001100,90.97933513027853
202,4056.0,3686.0,33.0,015,53,001200,53015001200,90.87771203155819
203,3788.0,2849.0,76.0,015,53,001300,53015001300,75.21119324181626
204,2892.0,2803.0,0.0,015,53,001501,53015001501,96.9225449515906
205,6959.0,6420.0,34.0,015,53,001502,53015001502,92.25463428653542
206,6901.0,6568.0,0.0,015,53,001600,53015001600,95.17461237501811
207,5019.0,4833.0,0.0,015,53,001700,53015001700,96.2940824865511
208,1894.0,1681.0,0.0,015,53,001800,53015001800,88.75395987328405
209,5144.0,4978.0,92.0,015,53,001900,53015001900,96.77293934681181
210,3948.0,3800.0,0.0,015,53,002001,53015002001,96.25126646403243
211,6266.0,5731.0,8.0,015,53,002002,53015002002,91.46185764443025
212,4296.0,3536.0,28.0,015,53,002100,53015002100,82.30912476722533
213,6179.0,3184.0,32.0,017,53,950100,53017950100,51.52937368506231
214,2966.0,2625.0,14.0,017,53,950200,53017950200,88.5030343897505
215,6048.0,4157.0,0.0,017,53,950300,53017950300,68.73346560846561
216,7097.0,5877.0,42.0,017,53,950400,53017950400,82.80963787515851
217,3045.0,2359.0,0.0,017,53,950500,53017950500,77.47126436781609
218,4361.0,3544.0,16.0,017,53,950600,53017950600,81.26576473285944
219,4791.0,3464.0,2.0,017,53,950700,53017950700,72.3022333542058
220,5112.0,3831.0,29.0,017,53,950800,53017950800,74.94131455399061
221,1608.0,420.0,0.0,019,53,940000,53019940000,26.119402985074625
222,2605.0,2325.0,11.0,019,53,970100,53019970100,89.25143953934742
223,3439.0,3075.0,9.0,019,53,970200,53019970200,89.4155277697005
224,11081.0,5484.0,0.0,021,53,020100,53021020100,49.49011822037722
225,6459.0,4041.0,134.0,021,53,020200,53021020200,62.563864375290294
226,5575.0,3495.0,80.0,021,53,020300,53021020300,62.69058295964126
227,9109.0,5258.0,349.0,021,53,020400,53021020400,57.72313096937095
228,4964.0,4321.0,115.0,021,53,020501,53021020501,87.04673650282031
229,9278.0,7428.0,128.0,021,53,020502,53021020502,80.06035783574046
230,9404.0,7849.0,103.0,021,53,020601,53021020601,83.46448319863887
231,3844.0,2477.0,253.0,021,53,020603,53021020603,64.43808532778355
232,8157.0,7308.0,109.0,021,53,020605,53021020605,89.59176167708716
233,7616.0,5331.0,142.0,021,53,020606,53021020606,69.99737394957984
234,1578.0,1279.0,4.0,021,53,020700,53021020700,81.05196451204056
235,9378.0,6092.0,362.0,021,53,020800,53021020800,64.96054595862657
236,0.0,0.0,0.0,021,53,980100,53021980100,
237,2230.0,2173.0,0.0,023,53,970300,53023970300,97.4439461883408
238,4164.0,3713.0,12.0,025,53,010100,53025010100,89.16906820365034
239,2879.0,2694.0,4.0,025,53,010200,53025010200,93.57415769364363
240,4172.0,3400.0,21.0,025,53,010300,53025010300,81.49568552253116
241,8170.0,6509.0,0.0,025,53,010400,53025010400,79.66952264381885
242,3462.0,1980.0,25.0,025,53,010500,53025010500,57.19237435008665
243,7209.0,3914.0,7.0,025,53,010600,53025010600,54.29324455541684
244,2872.0,1697.0,1.0,025,53,010700,53025010700,59.087743732590525
245,4597.0,2915.0,101.0,025,53,010800,53025010800,63.410920165325216
246,1318.0,1011.0,0.0,025,53,010901,53025010901,76.7071320182094
247,10250.0,7538.0,276.0,025,53,010902,53025010902,73.54146341463415
248,11893.0,9896.0,42.0,025,53,011000,53025011000,83.20861010678551
249,6779.0,5485.0,109.0,025,53,011100,53025011100,80.91163888479127
250,5287.0,4549.0,1.0,025,53,011200,53025011200,86.04123321354265
251,3881.0,2182.0,57.0,025,53,011300,53025011300,56.22262303530018
252,2283.0,1670.0,0.0,025,53,011401,53025011401,73.14936487078405
253,12854.0,6396.0,5.0,025,53,011402,53025011402,49.75882993620663
254,7339.0,6424.0,47.0,027,53,000200,53027000200,87.53236135713313
255,3309.0,3011.0,1.0,027,53,000300,53027000300,90.9942580840133
256,6532.0,6041.0,6.0,027,53,000400,53027000400,92.48315982853643
257,6192.0,5816.0,13.0,027,53,000500,53027000500,93.92764857881137
258,3719.0,3443.0,18.0,027,53,000600,53027000600,92.57865017477816
259,4834.0,4033.0,27.0,027,53,000700,53027000700,83.4298717418287
260,4284.0,4099.0,23.0,027,53,000800,53027000800,95.68160597572363
261,5908.0,4960.0,54.0,027,53,000900,53027000900,83.95396073121192
262,3544.0,2929.0,23.0,027,53,001000,53027001000,82.64672686230247
263,4096.0,3722.0,9.0,027,53,001100,53027001100,90.869140625
264,4514.0,3722.0,95.0,027,53,001200,53027001200,82.45458573327426
265,3434.0,3223.0,0.0,027,53,001300,53027001300,93.85556202679092
266,2143.0,1778.0,70.0,027,53,001400,53027001400,82.96780214652357
267,3918.0,3491.0,1.0,027,53,001500,53027001500,89.10158244002042
268,6547.0,5498.0,480.0,027,53,001600,53027001600,83.97739422636322
269,1106.0,224.0,15.0,027,53,940000,53027940000,20.253164556962027
270,0.0,0.0,0.0,027,53,990000,53027990000,
271,2644.0,2062.0,99.0,029,53,970100,53029970100,77.98789712556732
272,2019.0,1605.0,261.0,029,53,970200,53029970200,79.49479940564636
273,4466.0,4024.0,71.0,029,53,970300,53029970300,90.10300044782802
274,6494.0,4241.0,348.0,029,53,970400,53029970400,65.30643671080998
275,5633.0,4864.0,35.0,029,53,970500,53029970500,86.34830463341025
276,3468.0,2185.0,344.0,029,53,970601,53029970601,63.00461361014994
277,3248.0,2635.0,73.0,029,53,970602,53029970602,81.1268472906404
278,1906.0,1349.0,351.0,029,53,970700,53029970700,70.77649527806925
279,2648.0,2251.0,111.0,029,53,970800,53029970800,85.00755287009063
280,4819.0,3304.0,468.0,029,53,970900,53029970900,68.56194231168293
281,5079.0,4368.0,17.0,029,53,971000,53029971000,86.00118133490845
282,2853.0,2692.0,32.0,029,53,971100,53029971100,94.35681738520856
283,4581.0,4311.0,0.0,029,53,971300,53029971300,94.10609037328095
284,4227.0,3910.0,42.0,029,53,971400,53029971400,92.50059143600663
285,3237.0,3132.0,15.0,029,53,971500,53029971500,96.75625579240037
286,4181.0,3840.0,6.0,029,53,971600,53029971600,91.84405644582637
287,3855.0,3573.0,0.0,029,53,971700,53029971700,92.68482490272373
288,2315.0,2256.0,0.0,029,53,971800,53029971800,97.45140388768898
289,4075.0,3722.0,27.0,029,53,971900,53029971900,91.33742331288343
290,4079.0,3872.0,14.0,029,53,972000,53029972000,94.92522677126746
291,3502.0,3271.0,23.0,029,53,972100,53029972100,93.40376927470018
292,0.0,0.0,0.0,029,53,992201,53029992201,
293,1479.0,1319.0,3.0,031,53,950202,53031950202,89.18187964841108
294,6013.0,5614.0,6.0,031,53,950300,53031950300,93.36437718277067
295,4388.0,4106.0,0.0,031,53,950400,53031950400,93.57338195077483
296,6616.0,6052.0,1.0,031,53,950500,53031950500,91.4752116082225
297,6221.0,5749.0,18.0,031,53,950601,53031950601,92.4127953705192
298,3158.0,2784.0,133.0,031,53,950602,53031950602,88.15706143128563
299,2208.0,1569.0,98.0,031,53,950702,53031950702,71.05978260869566
300,0.0,0.0,0.0,031,53,990000,53031990000,
301,6918.0,4208.0,848.0,033,53,000100,53033000100,60.82682856316855
302,7974.0,4847.0,635.0,033,53,000200,53033000200,60.78505141710559
303,2637.0,1983.0,119.0,033,53,000300,53033000300,75.19908987485779
304,5907.0,3538.0,1003.0,033,53,000401,53033000401,59.895039783307936
305,4906.0,3900.0,408.0,033,53,000402,53033000402,79.49449653485527
306,3044.0,2662.0,32.0,033,53,000500,53033000500,87.45072273324574
307,7674.0,5037.0,524.0,033,53,000600,53033000600,65.63721657544957
308,4892.0,3212.0,434.0,033,53,000700,53033000700,65.65821749795585
309,2487.0,2104.0,24.0,033,53,000800,53033000800,84.59991958182549
310,1971.0,1647.0,17.0,033,53,000900,53033000900,83.56164383561644
311,2094.0,1172.0,484.0,033,53,001000,53033001000,55.9694364851958
312,2669.0,1934.0,118.0,033,53,001100,53033001100,72.46159610340952
313,6556.0,4088.0,368.0,033,53,001200,53033001200,62.35509456985967
314,4389.0,2902.0,229.0,033,53,001300,53033001300,66.11984506721349
315,5505.0,4727.0,0.0,033,53,001400,53033001400,85.86739327883743
316,2398.0,2261.0,0.0,033,53,001500,53033001500,94.28690575479565
317,4111.0,3484.0,25.0,033,53,001600,53033001600,84.74823643882267
318,4055.0,2866.0,138.0,033,53,001701,53033001701,70.67817509247843
319,4408.0,3507.0,62.0,033,53,001702,53033001702,79.55989110707804
320,5217.0,3914.0,9.0,033,53,001800,53033001800,75.0239601303431
321,4723.0,3393.0,154.0,033,53,001900,53033001900,71.83993224645353
322,3600.0,3072.0,6.0,033,53,002000,53033002000,85.33333333333334
323,4148.0,3165.0,86.0,033,53,002100,53033002100,76.30183220829315
324,5622.0,4608.0,5.0,033,53,002200,53033002200,81.96371398078975
325,2994.0,2454.0,17.0,033,53,002400,53033002400,81.96392785571143
326,2981.0,2623.0,26.0,033,53,002500,53033002500,87.99060717879907
327,4989.0,4115.0,106.0,033,53,002600,53033002600,82.48145921026257
328,6027.0,4754.0,113.0,033,53,002700,53033002700,78.8783806205409
329,4727.0,4183.0,155.0,033,53,002800,53033002800,88.4916437486778
330,4303.0,3918.0,0.0,033,53,002900,53033002900,91.05275389263305
331,5719.0,5025.0,36.0,033,53,003000,53033003000,87.86501136562336
332,6223.0,5844.0,42.0,033,53,003100,53033003100,93.90968986019604
333,8233.0,7305.0,13.0,033,53,003200,53033003200,88.72828859467995
334,6572.0,5698.0,78.0,033,53,003300,53033003300,86.70115642118077
335,3587.0,3136.0,25.0,033,53,003400,53033003400,87.42681906885977
336,3960.0,3307.0,24.0,033,53,003500,53033003500,83.51010101010101
337,6122.0,4780.0,77.0,033,53,003600,53033003600,78.07905913100294
338,2165.0,1779.0,58.0,033,53,003800,53033003800,82.17090069284065
339,3080.0,2620.0,0.0,033,53,003900,53033003900,85.06493506493507
340,3125.0,2355.0,247.0,033,53,004000,53033004000,75.36
341,7868.0,6573.0,2.0,033,53,004100,53033004100,83.54092526690391
342,8176.0,6845.0,149.0,033,53,004200,53033004200,83.7206457925636
343,3548.0,2505.0,46.0,033,53,004301,53033004301,70.6031567080045
344,3703.0,2325.0,81.0,033,53,004302,53033004302,62.78692951660816
345,6607.0,5298.0,231.0,033,53,004400,53033004400,80.18767973361585
346,3052.0,2460.0,46.0,033,53,004500,53033004500,80.60288335517694
347,3464.0,3044.0,18.0,033,53,004600,53033004600,87.87528868360278
348,8395.0,7018.0,186.0,033,53,004700,53033004700,83.59737939249553
349,4772.0,4350.0,48.0,033,53,004800,53033004800,91.15674769488685
350,6923.0,5868.0,63.0,033,53,004900,53033004900,84.76094178824209
351,3695.0,3276.0,49.0,033,53,005000,53033005000,88.66035182679296
352,3726.0,3189.0,12.0,033,53,005100,53033005100,85.5877616747182
353,6644.0,4071.0,104.0,033,53,005200,53033005200,61.27332931968693
354,7377.0,3908.0,127.0,033,53,005301,53033005301,52.975464280872984
355,5178.0,2591.0,78.0,033,53,005302,53033005302,50.038624951718816
356,5022.0,4230.0,71.0,033,53,005400,53033005400,84.22939068100358
357,6424.0,5688.0,44.0,033,53,005600,53033005600,88.54296388542964
358,6633.0,5590.0,16.0,033,53,005700,53033005700,84.27559173827831
359,5212.0,4076.0,599.0,033,53,005801,53033005801,78.20414428242518
360,5216.0,4056.0,337.0,033,53,005802,53033005802,77.76073619631902
361,7705.0,6436.0,175.0,033,53,005900,53033005900,83.53017521090202
362,5564.0,4868.0,36.0,033,53,006000,53033006000,87.49101365923796
363,5219.0,4365.0,98.0,033,53,006100,53033006100,83.63671201379574
364,4063.0,3526.0,50.0,033,53,006200,53033006200,86.78316514890476
365,4988.0,4338.0,67.0,033,53,006300,53033006300,86.96872493985566
366,3341.0,2984.0,48.0,033,53,006400,53033006400,89.31457647410956
367,4449.0,4072.0,20.0,033,53,006500,53033006500,91.52618565969881
368,3585.0,2761.0,85.0,033,53,006600,53033006600,77.01534170153417
369,7600.0,5298.0,332.0,033,53,006700,53033006700,69.71052631578948
370,3206.0,2777.0,31.0,033,53,006800,53033006800,86.61883967560824
371,4727.0,4170.0,34.0,033,53,006900,53033006900,88.21662788237784
372,7503.0,6023.0,196.0,033,53,007000,53033007000,80.27455684392909
373,3780.0,2882.0,145.0,033,53,007100,53033007100,76.24338624338624
374,6798.0,4248.0,305.0,033,53,007200,53033007200,62.48896734333628
375,5594.0,3980.0,325.0,033,53,007300,53033007300,71.14765820521988
376,5019.0,3956.0,145.0,033,53,007401,53033007401,78.8204821677625
377,5210.0,3595.0,313.0,033,53,007402,53033007402,69.00191938579654
378,7783.0,5769.0,443.0,033,53,007500,53033007500,74.12308878324554
379,3871.0,2961.0,348.0,033,53,007600,53033007600,76.49186256781194
380,5123.0,3713.0,726.0,033,53,007700,53033007700,72.47706422018348
381,5641.0,3836.0,467.0,033,53,007800,53033007800,68.00212728239674
382,6216.0,4654.0,854.0,033,53,007900,53033007900,74.87129987129987
383,5967.0,3923.0,564.0,033,53,008001,53033008001,65.7449304508128
384,3469.0,2566.0,226.0,033,53,008002,53033008002,73.96944364370135
385,4435.0,2900.0,456.0,033,53,008100,53033008100,65.38895152198421
386,3866.0,2716.0,300.0,033,53,008200,53033008200,70.2534919813761
387,2794.0,2223.0,85.0,033,53,008300,53033008300,79.56335003579098
388,4127.0,3083.0,236.0,033,53,008400,53033008400,74.70317421856069
389,4311.0,2245.0,794.0,033,53,008500,53033008500,52.07608443516586
390,4890.0,3094.0,378.0,033,53,008600,53033008600,63.2719836400818
391,4440.0,2453.0,907.0,033,53,008700,53033008700,55.247747747747745
392,3867.0,2585.0,533.0,033,53,008800,53033008800,66.84768554434962
393,4686.0,2345.0,1052.0,033,53,008900,53033008900,50.04268032437047
394,3478.0,1400.0,766.0,033,53,009000,53033009000,40.253018976423235
395,2693.0,510.0,474.0,033,53,009100,53033009100,18.93798737467508
396,2637.0,1350.0,296.0,033,53,009200,53033009200,51.19453924914675
397,2832.0,1467.0,292.0,033,53,009300,53033009300,51.80084745762712
398,5824.0,2006.0,653.0,033,53,009400,53033009400,34.44368131868132
399,6301.0,4060.0,1253.0,033,53,009500,53033009500,64.43421679098556
400,5342.0,4416.0,217.0,033,53,009600,53033009600,82.66566828903032
401,5751.0,5022.0,99.0,033,53,009701,53033009701,87.32394366197182
402,5626.0,4968.0,32.0,033,53,009702,53033009702,88.30430145751866
403,6902.0,5990.0,80.0,033,53,009800,53033009800,86.7864387134164
404,5054.0,3630.0,347.0,033,53,009900,53033009900,71.82429758607044
405,4207.0,1315.0,1294.0,033,53,010001,53033010001,31.257428096030427
406,4763.0,2518.0,200.0,033,53,010002,53033010002,52.865840856602986
407,6756.0,2991.0,2087.0,033,53,010100,53033010100,44.271758436944936
408,4569.0,2959.0,537.0,033,53,010200,53033010200,64.7625300941125
409,6371.0,2808.0,1482.0,033,53,010300,53033010300,44.07471354575419
410,4711.0,733.0,563.0,033,53,010401,53033010401,15.559329229462959
411,5218.0,1418.0,604.0,033,53,010402,53033010402,27.17516289766194
412,6631.0,5395.0,114.0,033,53,010500,53033010500,81.3602774845423
413,8079.0,6503.0,315.0,033,53,010600,53033010600,80.49263522713207
414,3700.0,1845.0,1139.0,033,53,010701,53033010701,49.86486486486486
415,4393.0,1496.0,1914.0,033,53,010702,53033010702,34.05417709993171
416,4670.0,2383.0,463.0,033,53,010800,53033010800,51.027837259100636
417,1055.0,845.0,21.0,033,53,010900,53033010900,80.09478672985783
418,4932.0,789.0,1725.0,033,53,011001,53033011001,15.997566909975669
419,4722.0,374.0,1095.0,033,53,011002,53033011002,7.920372723422278
420,5096.0,1285.0,1044.0,033,53,011101,53033011101,25.21585557299843
421,4681.0,2256.0,515.0,033,53,011102,53033011102,48.19483016449477
422,4174.0,2579.0,117.0,033,53,011200,53033011200,61.78725443219933
423,6969.0,3849.0,325.0,033,53,011300,53033011300,55.23030563925958
424,4041.0,2313.0,584.0,033,53,011401,53033011401,57.23830734966593
425,4405.0,2479.0,647.0,033,53,011402,53033011402,56.27695800227015
426,4252.0,3231.0,196.0,033,53,011500,53033011500,75.98777046095955
427,6570.0,5763.0,52.0,033,53,011600,53033011600,87.71689497716895
428,5456.0,935.0,1348.0,033,53,011700,53033011700,17.137096774193548
429,8010.0,2751.0,2688.0,033,53,011800,53033011800,34.344569288389515
430,7428.0,1862.0,1539.0,033,53,011900,53033011900,25.067312870220785
431,3474.0,2899.0,97.0,033,53,012000,53033012000,83.44847438111687
432,2853.0,2237.0,49.0,033,53,012100,53033012100,78.4086926042762
433,3127.0,2628.0,64.0,033,53,020100,53033020100,84.04221298369043
434,5536.0,4372.0,76.0,033,53,020200,53033020200,78.97398843930635
435,6823.0,4633.0,317.0,033,53,020300,53033020300,67.90268210464605
436,3525.0,2571.0,212.0,033,53,020401,53033020401,72.93617021276596
437,5600.0,4429.0,33.0,033,53,020402,53033020402,79.08928571428572
438,6119.0,4279.0,226.0,033,53,020500,53033020500,69.92972707958816
439,3612.0,2251.0,338.0,033,53,020600,53033020600,62.32004429678848
440,3702.0,2562.0,241.0,033,53,020700,53033020700,69.20583468395462
441,4225.0,3540.0,53.0,033,53,020800,53033020800,83.78698224852072
442,3682.0,2897.0,194.0,033,53,020900,53033020900,78.68006518196631
443,5686.0,3701.0,480.0,033,53,021000,53033021000,65.08969398522687
444,4531.0,2500.0,506.0,033,53,021100,53033021100,55.17545795630103
445,4026.0,3020.0,233.0,033,53,021300,53033021300,75.01241927471436
446,4109.0,3519.0,131.0,033,53,021400,53033021400,85.64127524945242
447,4516.0,3860.0,131.0,033,53,021500,53033021500,85.47387068201948
448,4911.0,3895.0,184.0,033,53,021600,53033021600,79.31174913459581
449,8618.0,6361.0,200.0,033,53,021700,53033021700,73.81062891622186
450,5495.0,4185.0,74.0,033,53,021802,53033021802,76.16014558689717
451,4694.0,3692.0,217.0,033,53,021803,53033021803,78.65360034086068
452,4684.0,3632.0,146.0,033,53,021804,53033021804,77.54056362083689
453,5787.0,4462.0,190.0,033,53,021903,53033021903,77.10385346466218
454,4993.0,3140.0,10.0,033,53,021904,53033021904,62.888043260564785
455,5501.0,4280.0,57.0,033,53,021905,53033021905,77.80403562988548
456,4132.0,3210.0,30.0,033,53,021906,53033021906,77.68635043562439
457,5009.0,3982.0,28.0,033,53,022001,53033022001,79.49690556997405
458,5038.0,4142.0,55.0,033,53,022003,53033022003,82.21516474791584
459,4891.0,3071.0,80.0,033,53,022005,53033022005,62.78879574729094
460,3744.0,2967.0,54.0,033,53,022006,53033022006,79.24679487179486
461,4740.0,4076.0,29.0,033,53,022101,53033022101,85.99156118143459
462,6331.0,4713.0,10.0,033,53,022102,53033022102,74.44321592165535
463,4483.0,3801.0,32.0,033,53,022201,53033022201,84.78697300914565
464,7814.0,6218.0,165.0,033,53,022202,53033022202,79.57512157665728
465,5030.0,4130.0,11.0,033,53,022203,53033022203,82.10735586481114
466,2603.0,2136.0,23.0,033,53,022300,53033022300,82.05916250480215
467,8832.0,7327.0,115.0,033,53,022400,53033022400,82.95969202898551
468,7290.0,6309.0,0.0,033,53,022500,53033022500,86.54320987654322
469,5627.0,3785.0,63.0,033,53,022603,53033022603,67.26497245423849
470,4532.0,3452.0,138.0,033,53,022604,53033022604,76.16946160635482
471,6162.0,3930.0,111.0,033,53,022605,53033022605,63.77799415774099
472,5981.0,4546.0,127.0,033,53,022606,53033022606,76.0073566293262
473,2506.0,2065.0,13.0,033,53,022701,53033022701,82.40223463687151
474,3827.0,3114.0,31.0,033,53,022702,53033022702,81.36921870917168
475,2273.0,1839.0,51.0,033,53,022703,53033022703,80.9062912450506
476,8374.0,3459.0,393.0,033,53,022801,53033022801,41.30642464771913
477,4772.0,3135.0,85.0,033,53,022802,53033022802,65.69572506286673
478,5362.0,2423.0,71.0,033,53,022803,53033022803,45.18836255128683
479,2918.0,2003.0,90.0,033,53,022901,53033022901,68.64290610006853
480,6492.0,4313.0,124.0,033,53,022902,53033022902,66.43561306223043
481,5000.0,3803.0,95.0,033,53,023000,53033023000,76.06
482,4032.0,2627.0,158.0,033,53,023100,53033023100,65.15376984126983
483,6449.0,2333.0,30.0,033,53,023201,53033023201,36.17615134129322
484,4698.0,2380.0,494.0,033,53,023202,53033023202,50.65985525755641
485,6306.0,4793.0,2.0,033,53,023300,53033023300,76.0069774817634
486,3550.0,1888.0,61.0,033,53,023401,53033023401,53.183098591549296
487,4173.0,2933.0,91.0,033,53,023403,53033023403,70.28516654684879
488,3308.0,2636.0,30.0,033,53,023404,53033023404,79.68561064087062
489,3672.0,2383.0,72.0,033,53,023500,53033023500,64.89651416122004
490,3854.0,2260.0,133.0,033,53,023601,53033023601,58.64037363777893
491,6278.0,2822.0,247.0,033,53,023603,53033023603,44.95062121694807
492,6241.0,3003.0,342.0,033,53,023604,53033023604,48.11728889601026
493,4204.0,2938.0,39.0,033,53,023700,53033023700,69.88582302568982
494,2232.0,1348.0,50.0,033,53,023801,53033023801,60.39426523297491
495,5036.0,2890.0,51.0,033,53,023803,53033023803,57.3868149324861
496,6161.0,3523.0,194.0,033,53,023804,53033023804,57.18227560460964
497,7013.0,5441.0,67.0,033,53,023900,53033023900,77.58448595465563
498,7880.0,4921.0,30.0,033,53,024000,53033024000,62.4492385786802
499,4830.0,3881.0,2.0,033,53,024100,53033024100,80.351966873706
500,3115.0,2329.0,15.0,033,53,024200,53033024200,74.76725521669341
501,8164.0,5884.0,222.0,033,53,024300,53033024300,72.07251347378735
502,2611.0,2002.0,65.0,033,53,024400,53033024400,76.67560321715817
503,5003.0,3825.0,121.0,033,53,024500,53033024500,76.45412752348591
504,4588.0,3665.0,0.0,033,53,024601,53033024601,79.8823016564952
505,3754.0,3131.0,31.0,033,53,024602,53033024602,83.40436867341502
506,3866.0,2409.0,181.0,033,53,024701,53033024701,62.31246766683911
507,7791.0,5271.0,254.0,033,53,024702,53033024702,67.65498652291106
508,5666.0,3048.0,151.0,033,53,024800,53033024800,53.79456406636075
509,5063.0,2503.0,57.0,033,53,024901,53033024901,49.437092632826385
510,3769.0,2436.0,36.0,033,53,024902,53033024902,64.63252852215442
511,6980.0,3756.0,1.0,033,53,024903,53033024903,53.81088825214899
512,4786.0,3258.0,79.0,033,53,025001,53033025001,68.07354784788969
513,6979.0,4661.0,18.0,033,53,025003,53033025003,66.78607250322396
514,4696.0,2686.0,143.0,033,53,025005,53033025005,57.19761499148211
515,6008.0,3922.0,393.0,033,53,025006,53033025006,65.27962716378163
516,5584.0,3618.0,341.0,033,53,025101,53033025101,64.79226361031519
517,7729.0,4041.0,348.0,033,53,025102,53033025102,52.28360719368612
518,8098.0,5248.0,491.0,033,53,025200,53033025200,64.80612496912818
519,5691.0,4038.0,219.0,033,53,025301,53033025301,70.9541381128097
520,5263.0,2707.0,1040.0,033,53,025302,53033025302,51.43454303629109
521,7245.0,3385.0,702.0,033,53,025400,53033025400,46.721877156659765
522,5020.0,3059.0,287.0,033,53,025500,53033025500,60.93625498007968
523,5113.0,2510.0,215.0,033,53,025601,53033025601,49.09055349110111
524,6470.0,3597.0,82.0,033,53,025602,53033025602,55.59505409582689
525,5387.0,3314.0,903.0,033,53,025701,53033025701,61.518470391683685
526,3593.0,2041.0,397.0,033,53,025702,53033025702,56.80489841358196
527,5039.0,2703.0,817.0,033,53,025803,53033025803,53.64159555467355
528,3840.0,2220.0,401.0,033,53,025804,53033025804,57.8125
529,5248.0,2246.0,535.0,033,53,025805,53033025805,42.797256097560975
530,4811.0,1669.0,756.0,033,53,025806,53033025806,34.69133236333403
531,5755.0,2028.0,1452.0,033,53,026001,53033026001,35.23892267593397
532,8967.0,2887.0,2881.0,033,53,026002,53033026002,32.19582915133267
533,6552.0,1786.0,2031.0,033,53,026100,53033026100,27.258852258852258
534,5645.0,2702.0,1151.0,033,53,026200,53033026200,47.86536758193091
535,1587.0,514.0,153.0,033,53,026300,53033026300,32.38815374921235
536,5711.0,2935.0,1097.0,033,53,026400,53033026400,51.39205042899667
537,4313.0,1651.0,994.0,033,53,026500,53033026500,38.27961975423139
538,2840.0,1458.0,443.0,033,53,026600,53033026600,51.33802816901408
539,5056.0,3300.0,298.0,033,53,026700,53033026700,65.26898734177216
540,5530.0,2189.0,506.0,033,53,026801,53033026801,39.584086799276676
541,4932.0,2717.0,327.0,033,53,026802,53033026802,55.08921330089214
542,3552.0,1977.0,265.0,033,53,027000,53033027000,55.65878378378378
543,3324.0,2164.0,237.0,033,53,027100,53033027100,65.1022864019254
544,2545.0,965.0,381.0,033,53,027200,53033027200,37.91748526522593
545,6205.0,3067.0,765.0,033,53,027300,53033027300,49.42788074133763
546,5079.0,3238.0,317.0,033,53,027400,53033027400,63.75270722583186
547,4828.0,2923.0,212.0,033,53,027500,53033027500,60.54266777133389
548,4955.0,3492.0,369.0,033,53,027600,53033027600,70.47426841574168
549,5565.0,5148.0,4.0,033,53,027701,53033027701,92.5067385444744
550,4624.0,4357.0,51.0,033,53,027702,53033027702,94.2257785467128
551,3213.0,2968.0,32.0,033,53,027800,53033027800,92.37472766884531
552,7322.0,5788.0,294.0,033,53,027900,53033027900,79.04944004370391
553,4029.0,2310.0,624.0,033,53,028000,53033028000,57.3343261355175
554,2439.0,863.0,657.0,033,53,028100,53033028100,35.38335383353834
555,4989.0,1804.0,1461.0,033,53,028200,53033028200,36.1595510122269
556,5018.0,2798.0,461.0,033,53,028300,53033028300,55.75926664009565
557,4793.0,1709.0,1505.0,033,53,028402,53033028402,35.65616524097642
558,5232.0,1937.0,1747.0,033,53,028403,53033028403,37.02217125382263
559,3885.0,2478.0,367.0,033,53,028500,53033028500,63.78378378378379
560,6597.0,5575.0,0.0,033,53,028600,53033028600,84.50810974685463
561,5127.0,3912.0,173.0,033,53,028700,53033028700,76.30193095377413
562,2981.0,2048.0,122.0,033,53,028801,53033028801,68.70177792687018
563,7075.0,3209.0,1994.0,033,53,028802,53033028802,45.35689045936396
564,3475.0,2778.0,56.0,033,53,028901,53033028901,79.94244604316548
565,6575.0,3027.0,727.0,033,53,028902,53033028902,46.038022813688215
566,4446.0,3425.0,84.0,033,53,029001,53033029001,77.03553756185335
567,5950.0,3378.0,909.0,033,53,029003,53033029003,56.77310924369748
568,3706.0,1827.0,705.0,033,53,029004,53033029004,49.2984349703184
569,2958.0,1500.0,426.0,033,53,029101,53033029101,50.709939148073026
570,4017.0,2185.0,587.0,033,53,029102,53033029102,54.39382623848643
571,3817.0,1890.0,708.0,033,53,029203,53033029203,49.51532617238669
572,7152.0,3861.0,756.0,033,53,029204,53033029204,53.98489932885906
573,5076.0,2886.0,317.0,033,53,029205,53033029205,56.85579196217494
574,4288.0,2142.0,293.0,033,53,029206,53033029206,49.95335820895522
575,7493.0,3468.0,869.0,033,53,029303,53033029303,46.283197651141066
576,5284.0,3448.0,203.0,033,53,029304,53033029304,65.25359576078729
577,3891.0,2395.0,262.0,033,53,029305,53033029305,61.55230017990234
578,3368.0,1703.0,283.0,033,53,029306,53033029306,50.564133016627075
579,4264.0,2699.0,173.0,033,53,029307,53033029307,63.29737335834896
580,5707.0,2502.0,499.0,033,53,029403,53033029403,43.84089714385842
581,5781.0,3164.0,472.0,033,53,029405,53033029405,54.73101539526034
582,5171.0,2351.0,624.0,033,53,029406,53033029406,45.46509379230323
583,4591.0,2387.0,482.0,033,53,029407,53033029407,51.993029840993245
584,4246.0,2344.0,403.0,033,53,029408,53033029408,55.20489872821479
585,6895.0,4265.0,663.0,033,53,029502,53033029502,61.85641769398115
586,8780.0,4534.0,1025.0,033,53,029503,53033029503,51.640091116173124
587,6600.0,3516.0,1443.0,033,53,029504,53033029504,53.27272727272727
588,6555.0,3318.0,751.0,033,53,029601,53033029601,50.617848970251714
589,5624.0,3947.0,130.0,033,53,029602,53033029602,70.18136557610242
590,8290.0,5842.0,939.0,033,53,029700,53033029700,70.47044632086852
591,8793.0,4785.0,640.0,033,53,029801,53033029801,54.41828727396793
592,8120.0,5689.0,316.0,033,53,029802,53033029802,70.0615763546798
593,4947.0,3627.0,378.0,033,53,029901,53033029901,73.31716191631291
594,4235.0,2956.0,383.0,033,53,029902,53033029902,69.79929161747343
595,6432.0,3409.0,766.0,033,53,030003,53033030003,53.000621890547265
596,8106.0,4411.0,1092.0,033,53,030004,53033030004,54.41648161855416
597,5315.0,3206.0,541.0,033,53,030005,53033030005,60.319849482596425
598,3884.0,1702.0,605.0,033,53,030006,53033030006,43.82080329557157
599,7790.0,5860.0,492.0,033,53,030100,53033030100,75.22464698331194
600,5212.0,3221.0,315.0,033,53,030201,53033030201,61.79969301611665
601,6219.0,3231.0,905.0,033,53,030202,53033030202,51.953690303907386
602,3142.0,2180.0,171.0,033,53,030304,53033030304,69.38255887969447
603,5376.0,3296.0,1060.0,033,53,030305,53033030305,61.30952380952381
604,5812.0,3970.0,537.0,033,53,030306,53033030306,68.30695113558156
605,6755.0,4060.0,854.0,033,53,030308,53033030308,60.10362694300518
606,6151.0,3584.0,940.0,033,53,030309,53033030309,58.26694846366445
607,5519.0,3403.0,206.0,033,53,030310,53033030310,61.659720963942746
608,5659.0,3652.0,441.0,033,53,030311,53033030311,64.53437003004065
609,4946.0,3144.0,426.0,033,53,030312,53033030312,63.56651839870603
610,3864.0,2243.0,585.0,033,53,030313,53033030313,58.04865424430642
611,4426.0,2596.0,692.0,033,53,030314,53033030314,58.65341165838228
612,9015.0,5637.0,467.0,033,53,030401,53033030401,62.529118136439266
613,4469.0,2962.0,233.0,033,53,030403,53033030403,66.27880957708659
614,4867.0,4254.0,3.0,033,53,030404,53033030404,87.40497226217381
615,1734.0,1198.0,117.0,033,53,030501,53033030501,69.0888119953864
616,5661.0,3128.0,261.0,033,53,030503,53033030503,55.25525525525525
617,4302.0,3168.0,237.0,033,53,030504,53033030504,73.64016736401673
618,5544.0,4382.0,155.0,033,53,030600,53033030600,79.04040404040404
619,3868.0,3030.0,147.0,033,53,030700,53033030700,78.33505687693899
620,7373.0,4449.0,460.0,033,53,030801,53033030801,60.34178760341787
621,3835.0,2786.0,48.0,033,53,030802,53033030802,72.64667535853977
622,3647.0,2723.0,88.0,033,53,030901,53033030901,74.6641074856046
623,6002.0,3641.0,234.0,033,53,030902,53033030902,60.663112295901364
624,3805.0,3111.0,98.0,033,53,031000,53033031000,81.76084099868594
625,6861.0,4501.0,393.0,033,53,031100,53033031100,65.60268182480688
626,6151.0,4649.0,63.0,033,53,031202,53033031202,75.58120630791741
627,5780.0,5154.0,49.0,033,53,031204,53033031204,89.16955017301038
628,6738.0,4491.0,247.0,033,53,031205,53033031205,66.65182546749777
629,5143.0,3372.0,174.0,033,53,031206,53033031206,65.56484542096052
630,2781.0,2554.0,12.0,033,53,031301,53033031301,91.83746853649765
631,4017.0,3614.0,0.0,033,53,031302,53033031302,89.96763754045307
632,6053.0,5122.0,140.0,033,53,031400,53033031400,84.6191970923509
633,4285.0,3946.0,14.0,033,53,031501,53033031501,92.08868144690781
634,4287.0,3911.0,0.0,033,53,031502,53033031502,91.22929787730347
635,5384.0,4707.0,46.0,033,53,031601,53033031601,87.42570579494799
636,5997.0,5037.0,37.0,033,53,031603,53033031603,83.991995997999
637,5468.0,4422.0,155.0,033,53,031604,53033031604,80.87051938551572
638,3703.0,3318.0,104.0,033,53,031605,53033031605,89.60302457466919
639,6719.0,5121.0,231.0,033,53,031703,53033031703,76.2166989135288
640,5383.0,3502.0,420.0,033,53,031704,53033031704,65.05665985509938
641,4202.0,3264.0,127.0,033,53,031705,53033031705,77.67729652546407
642,6699.0,4590.0,792.0,033,53,031706,53033031706,68.51768920734438
643,4640.0,3629.0,130.0,033,53,031800,53033031800,78.21120689655172
644,6642.0,5033.0,237.0,033,53,031903,53033031903,75.77536886479976
645,3486.0,3064.0,31.0,033,53,031904,53033031904,87.89443488238669
646,3813.0,2664.0,121.0,033,53,031906,53033031906,69.86624704956726
647,7735.0,4268.0,370.0,033,53,031907,53033031907,55.177763413057534
648,4595.0,2652.0,726.0,033,53,031908,53033031908,57.71490750816104
649,3227.0,1995.0,347.0,033,53,031909,53033031909,61.82212581344903
650,3373.0,3047.0,21.0,033,53,032002,53033032002,90.33501334123926
651,5148.0,4897.0,28.0,033,53,032003,53033032003,95.12432012432012
652,7160.0,5990.0,413.0,033,53,032005,53033032005,83.65921787709497
653,4567.0,3979.0,32.0,033,53,032006,53033032006,87.12502737026495
654,3611.0,3145.0,155.0,033,53,032007,53033032007,87.0949875380781
655,4253.0,3735.0,52.0,033,53,032008,53033032008,87.82036209734305
656,5508.0,4633.0,70.0,033,53,032010,53033032010,84.11401597676107
657,4470.0,3873.0,157.0,033,53,032011,53033032011,86.64429530201342
658,5063.0,4914.0,0.0,033,53,032102,53033032102,97.05708078214498
659,4347.0,3669.0,12.0,033,53,032103,53033032103,84.40303657694962
660,5985.0,4988.0,311.0,033,53,032104,53033032104,83.34168755221387
661,7530.0,5359.0,66.0,033,53,032203,53033032203,71.16865869853918
662,3300.0,2798.0,10.0,033,53,032207,53033032207,84.7878787878788
663,8766.0,6657.0,185.0,033,53,032208,53033032208,75.94113620807667
664,12302.0,8334.0,355.0,033,53,032210,53033032210,67.74508210047146
665,4951.0,3264.0,91.0,033,53,032211,53033032211,65.92607554029489
666,8608.0,5475.0,103.0,033,53,032212,53033032212,63.60362453531599
667,4587.0,3675.0,1.0,033,53,032213,53033032213,80.11772400261609
668,6347.0,3782.0,45.0,033,53,032214,53033032214,59.587206554277614
669,5276.0,3275.0,20.0,033,53,032215,53033032215,62.07354056103108
670,6727.0,5950.0,91.0,033,53,032307,53033032307,88.44953173777316
671,6592.0,3786.0,99.0,033,53,032309,53033032309,57.43325242718447
672,5898.0,5404.0,85.0,033,53,032311,53033032311,91.62427941675145
673,6704.0,3259.0,85.0,033,53,032313,53033032313,48.61276849642005
674,5291.0,4673.0,25.0,033,53,032315,53033032315,88.31978831978832
675,5769.0,4435.0,28.0,033,53,032316,53033032316,76.87640838966891
676,6303.0,5449.0,19.0,033,53,032317,53033032317,86.45089639854038
677,5797.0,3848.0,74.0,033,53,032318,53033032318,66.37916163532861
678,5027.0,4390.0,107.0,033,53,032319,53033032319,87.32842649691665
679,4682.0,4270.0,1.0,033,53,032320,53033032320,91.20034173430159
680,5256.0,3289.0,50.0,033,53,032321,53033032321,62.576103500761036
681,3621.0,3027.0,24.0,033,53,032322,53033032322,83.59569179784589
682,5666.0,4239.0,69.0,033,53,032323,53033032323,74.81468408048005
683,5317.0,3776.0,44.0,033,53,032324,53033032324,71.01749106639083
684,5114.0,3093.0,174.0,033,53,032325,53033032325,60.48103245991396
685,4272.0,3584.0,20.0,033,53,032326,53033032326,83.89513108614233
686,3995.0,3598.0,0.0,033,53,032327,53033032327,90.06257822277848
687,3376.0,2994.0,43.0,033,53,032328,53033032328,88.68483412322274
688,8697.0,4653.0,61.0,033,53,032329,53033032329,53.501207312866505
689,5733.0,5491.0,2.0,033,53,032401,53033032401,95.77882435025292
690,6377.0,5836.0,255.0,033,53,032402,53033032402,91.51638701583816
691,5399.0,4816.0,68.0,033,53,032500,53033032500,89.20170401926283
692,2624.0,2624.0,0.0,033,53,032601,53033032601,100.0
693,12602.0,10379.0,68.0,033,53,032602,53033032602,82.35994286621171
694,6775.0,6203.0,213.0,033,53,032702,53033032702,91.55719557195572
695,2262.0,2149.0,8.0,033,53,032703,53033032703,95.00442086648984
696,6535.0,5970.0,118.0,033,53,032704,53033032704,91.35424636572303
697,2352.0,2283.0,9.0,033,53,032800,53033032800,97.06632653061224
698,0.0,0.0,0.0,033,53,990100,53033990100,
699,3076.0,2170.0,138.0,035,53,080101,53035080101,70.54616384915474
700,5485.0,3426.0,317.0,035,53,080102,53035080102,62.461257976299
701,3536.0,2462.0,168.0,035,53,080200,53035080200,69.62669683257919
702,3590.0,2854.0,97.0,035,53,080300,53035080300,79.49860724233983
703,3369.0,2742.0,99.0,035,53,080400,53035080400,81.38913624220837
704,2594.0,1799.0,316.0,035,53,080500,53035080500,69.35235158057054
705,4973.0,3865.0,109.0,035,53,080600,53035080600,77.71968630605268
706,3237.0,2856.0,40.0,035,53,080700,53035080700,88.22984244670991
707,1851.0,1203.0,145.0,035,53,080800,53035080800,64.99189627228526
708,4714.0,3792.0,39.0,035,53,080900,53035080900,80.4412388629614
709,4170.0,3458.0,134.0,035,53,081000,53035081000,82.92565947242207
710,2857.0,2045.0,167.0,035,53,081100,53035081100,71.57857892894644
711,3257.0,2753.0,144.0,035,53,081200,53035081200,84.52563708934603
712,2732.0,1981.0,368.0,035,53,081400,53035081400,72.51098096632504
713,6412.0,5051.0,20.0,035,53,090101,53035090101,78.77417342482845
714,6016.0,5262.0,0.0,035,53,090102,53035090102,87.46675531914893
715,4286.0,4095.0,56.0,035,53,090201,53035090201,95.54363042463837
716,5267.0,4661.0,12.0,035,53,090202,53035090202,88.49439908866528
717,6392.0,4980.0,219.0,035,53,090300,53035090300,77.909887359199
718,4946.0,4405.0,30.0,035,53,090400,53035090400,89.06186817630409
719,3622.0,3272.0,39.0,035,53,090501,53035090501,90.33683048039757
720,5131.0,3915.0,76.0,035,53,090502,53035090502,76.30091600077958
721,5090.0,4617.0,24.0,035,53,090700,53035090700,90.70726915520628
722,4066.0,3918.0,0.0,035,53,090800,53035090800,96.36005902606985
723,7186.0,6594.0,63.0,035,53,090900,53035090900,91.76175897578625
724,7001.0,6151.0,238.0,035,53,091000,53035091000,87.8588773032424
725,4557.0,4091.0,10.0,035,53,091100,53035091100,89.77397410577133
726,3856.0,3060.0,75.0,035,53,091201,53035091201,79.35684647302904
727,7303.0,4700.0,531.0,035,53,091203,53035091203,64.35711351499384
728,3557.0,2779.0,95.0,035,53,091204,53035091204,78.12763564801799
729,4325.0,3813.0,93.0,035,53,091301,53035091301,88.16184971098265
730,5385.0,4483.0,57.0,035,53,091302,53035091302,83.2497678737233
731,3375.0,2586.0,48.0,035,53,091400,53035091400,76.62222222222222
732,4131.0,2961.0,325.0,035,53,091500,53035091500,71.67755991285402
733,6405.0,4772.0,221.0,035,53,091600,53035091600,74.50429352068696
734,8117.0,5532.0,354.0,035,53,091700,53035091700,68.15325859307626
735,2690.0,2149.0,151.0,035,53,091800,53035091800,79.88847583643123
736,4557.0,3012.0,413.0,035,53,091900,53035091900,66.09611586570112
737,5990.0,5199.0,46.0,035,53,092000,53035092000,86.79465776293823
738,7764.0,6710.0,66.0,035,53,092100,53035092100,86.424523441525
739,6336.0,5231.0,135.0,035,53,092200,53035092200,82.55997474747475
740,6298.0,4836.0,77.0,035,53,092300,53035092300,76.78628135916163
741,5877.0,5038.0,160.0,035,53,092400,53035092400,85.72400884805172
742,5291.0,4565.0,255.0,035,53,092500,53035092500,86.27858627858627
743,5658.0,4797.0,36.0,035,53,092600,53035092600,84.78260869565217
744,4171.0,3768.0,9.0,035,53,092701,53035092701,90.33804842963318
745,3179.0,2956.0,12.0,035,53,092704,53035092704,92.98521547656495
746,4629.0,3861.0,241.0,035,53,092801,53035092801,83.40894361633183
747,3964.0,3668.0,0.0,035,53,092802,53035092802,92.53279515640767
748,2636.0,2488.0,9.0,035,53,092803,53035092803,94.38543247344461
749,5163.0,4576.0,38.0,035,53,092901,53035092901,88.63064110013558
750,5618.0,4924.0,44.0,035,53,092902,53035092902,87.64684941260235
751,3486.0,3047.0,8.0,035,53,940000,53035940000,87.40676993689041
752,6267.0,4972.0,61.0,035,53,940100,53035940100,79.33620552098293
753,0.0,0.0,0.0,035,53,990100,53035990100,
754,6554.0,6081.0,50.0,037,53,975100,53037975100,92.78303326213
755,5036.0,4652.0,0.0,037,53,975200,53037975200,92.37490071485306
756,4562.0,4376.0,1.0,037,53,975300,53037975300,95.92284085927226
757,7800.0,6360.0,316.0,037,53,975401,53037975401,81.53846153846153
758,5340.0,4886.0,11.0,037,53,975402,53037975402,91.49812734082397
759,5594.0,4808.0,0.0,037,53,975500,53037975500,85.94923131927065
760,2415.0,2243.0,27.0,037,53,975600,53037975600,92.87784679089027
761,4903.0,4252.0,4.0,037,53,975700,53037975700,86.72241484805221
762,8527.0,7687.0,107.0,039,53,950100,53039950100,90.14893866541573
763,4552.0,4345.0,17.0,039,53,950200,53039950200,95.45254833040421
764,7741.0,6898.0,30.0,039,53,950300,53039950300,89.10993411703915
765,3446.0,3324.0,4.0,041,53,970100,53041970100,96.45966337782936
766,3300.0,3095.0,0.0,041,53,970200,53041970200,93.78787878787878
767,4401.0,3573.0,145.0,041,53,970300,53041970300,81.18609406952966
768,6092.0,5641.0,2.0,041,53,970400,53041970400,92.59684832567301
769,1956.0,1733.0,0.0,041,53,970500,53041970500,88.59918200408998
770,2162.0,1969.0,4.0,041,53,970600,53041970600,91.07308048103607
771,4371.0,3968.0,22.0,041,53,970700,53041970700,90.78014184397163
772,4410.0,4119.0,79.0,041,53,970800,53041970800,93.40136054421768
773,1611.0,1362.0,149.0,041,53,970900,53041970900,84.5437616387337
774,2877.0,2589.0,38.0,041,53,971000,53041971000,89.9895724713243
775,3860.0,3490.0,29.0,041,53,971100,53041971100,90.41450777202073
776,2653.0,2522.0,0.0,041,53,971200,53041971200,95.06219374293254
777,6016.0,5791.0,1.0,041,53,971300,53041971300,96.25997340425532
778,2829.0,2175.0,34.0,041,53,971400,53041971400,76.88229056203606
779,7244.0,6652.0,2.0,041,53,971500,53041971500,91.82771949199338
780,3636.0,3375.0,78.0,041,53,971600,53041971600,92.82178217821783
781,4740.0,4380.0,0.0,041,53,971700,53041971700,92.40506329113924
782,4346.0,4256.0,0.0,041,53,971800,53041971800,97.92913023469858
783,2928.0,2805.0,0.0,041,53,971900,53041971900,95.79918032786885
784,2637.0,2462.0,4.0,041,53,972000,53041972000,93.36367083807356
785,1623.0,1591.0,1.0,043,53,960100,53043960100,98.02834257547751
786,3029.0,2877.0,10.0,043,53,960200,53043960200,94.98184219214262
787,2631.0,2419.0,15.0,043,53,960300,53043960300,91.9422272900038
788,3080.0,2865.0,2.0,043,53,960400,53043960400,93.01948051948052
789,763.0,158.0,26.0,045,53,940000,53045940000,20.70773263433814
790,698.0,657.0,4.0,045,53,960100,53045960100,94.12607449856733
791,5749.0,4832.0,0.0,045,53,960200,53045960200,84.04939989563402
792,5420.0,4912.0,170.0,045,53,960300,53045960300,90.62730627306273
793,9028.0,8050.0,330.0,045,53,960400,53045960400,89.16703588834737
794,5324.0,5047.0,97.0,045,53,960500,53045960500,94.79714500375658
795,4324.0,3172.0,96.0,045,53,960600,53045960600,73.35800185013876
796,1591.0,1137.0,0.0,045,53,960700,53045960700,71.46448774355751
797,3727.0,3167.0,18.0,045,53,960800,53045960800,84.97451033002415
798,5079.0,3839.0,29.0,045,53,960900,53045960900,75.58574522543809
799,5302.0,4555.0,113.0,045,53,961000,53045961000,85.91097698981517
800,5652.0,5237.0,107.0,045,53,961100,53045961100,92.65746638358104
801,4095.0,3798.0,0.0,045,53,961200,53045961200,92.74725274725274
802,4039.0,3040.0,15.0,045,53,961300,53045961300,75.26615498885863
803,2700.0,935.0,25.0,047,53,940100,53047940100,34.629629629629626
804,2949.0,1361.0,6.0,047,53,940200,53047940200,46.151237707697526
805,7598.0,6200.0,0.0,047,53,970300,53047970300,81.60042116346406
806,3750.0,3133.0,11.0,047,53,970400,53047970400,83.54666666666667
807,2374.0,2172.0,1.0,047,53,970500,53047970500,91.49115417017691
808,6407.0,4712.0,53.0,047,53,970600,53047970600,73.5445606368035
809,4452.0,3496.0,102.0,047,53,970700,53047970700,78.52650494159928
810,5412.0,3752.0,40.0,047,53,970800,53047970800,69.32742054693274
811,1983.0,1909.0,0.0,047,53,970900,53047970900,96.26828038325769
812,3707.0,3373.0,17.0,047,53,971000,53047971000,90.99001888319395
813,4438.0,3790.0,14.0,049,53,950200,53049950200,85.3988283010365
814,3613.0,2848.0,0.0,049,53,950300,53049950300,78.82646000553557
815,3819.0,3535.0,29.0,049,53,950400,53049950400,92.56349829798377
816,2730.0,2605.0,14.0,049,53,950500,53049950500,95.42124542124543
817,1228.0,1133.0,6.0,049,53,950600,53049950600,92.26384364820846
818,2596.0,2479.0,0.0,049,53,950700,53049950700,95.49306625577813
819,2221.0,2068.0,0.0,049,53,950800,53049950800,93.11121116614139
820,0.0,0.0,0.0,049,53,990100,53049990100,
821,2131.0,1988.0,0.0,051,53,970100,53051970100,93.28953542937587
822,2709.0,2345.0,1.0,051,53,970200,53051970200,86.56330749354005
823,3386.0,3169.0,9.0,051,53,970300,53051970300,93.5912581216775
824,2507.0,2350.0,14.0,051,53,970400,53051970400,93.73753490227364
825,2235.0,2051.0,0.0,051,53,970500,53051970500,91.76733780760627
826,1020.0,888.0,10.0,053,53,060200,53053060200,87.05882352941177
827,4152.0,3744.0,149.0,053,53,060300,53053060300,90.17341040462428
828,3907.0,3533.0,7.0,053,53,060400,53053060400,90.42743793191707
829,4119.0,3740.0,50.0,053,53,060500,53053060500,90.79873755765962
830,5344.0,4775.0,122.0,053,53,060600,53053060600,89.35254491017965
831,6484.0,5539.0,270.0,053,53,060700,53053060700,85.42566317088217
832,5107.0,4886.0,10.0,053,53,060800,53053060800,95.6726062267476
833,3464.0,2863.0,207.0,053,53,060903,53053060903,82.6501154734411
834,5121.0,4264.0,78.0,053,53,060904,53053060904,83.26498730716658
835,6798.0,5349.0,734.0,053,53,060905,53053060905,78.68490732568402
836,2313.0,1777.0,140.0,053,53,060906,53053060906,76.82663207955038
837,3796.0,3191.0,74.0,053,53,061001,53053061001,84.06217070600633
838,4273.0,2684.0,876.0,053,53,061002,53053061002,62.81301193540838
839,6765.0,5619.0,272.0,053,53,061100,53053061100,83.05986696230599
840,5477.0,4075.0,728.0,053,53,061200,53053061200,74.40204491509951
841,5185.0,3262.0,1002.0,053,53,061300,53053061300,62.912246865959496
842,3599.0,2104.0,631.0,053,53,061400,53053061400,58.460683523200885
843,5000.0,4046.0,371.0,053,53,061500,53053061500,80.92
844,1925.0,1197.0,256.0,053,53,061601,53053061601,62.18181818181818
845,846.0,588.0,79.0,053,53,061602,53053061602,69.50354609929079
846,4569.0,2268.0,1025.0,053,53,061700,53053061700,49.63887065003283
847,2807.0,1205.0,246.0,053,53,061800,53053061800,42.92839330245814
848,1785.0,1093.0,181.0,053,53,061900,53053061900,61.23249299719888
849,4540.0,2332.0,519.0,053,53,062000,53053062000,51.36563876651983
850,5264.0,2179.0,588.0,053,53,062300,53053062300,41.39437689969605
851,5522.0,3853.0,526.0,053,53,062400,53053062400,69.77544367982615
852,7917.0,4678.0,1068.0,053,53,062500,53053062500,59.088038398383226
853,3166.0,1775.0,672.0,053,53,062600,53053062600,56.06443461781427
854,6408.0,3812.0,1533.0,053,53,062801,53053062801,59.488139825218475
855,4159.0,2533.0,629.0,053,53,062802,53053062802,60.90406347679731
856,7406.0,4535.0,1035.0,053,53,062900,53053062900,61.23413448555225
857,3049.0,1652.0,490.0,053,53,063000,53053063000,54.18169891767792
858,4459.0,2424.0,463.0,053,53,063100,53053063100,54.3619645660462
859,5511.0,3563.0,355.0,053,53,063200,53053063200,64.65251315550717
860,8513.0,3263.0,1058.0,053,53,063300,53053063300,38.3296135322448
861,7353.0,4322.0,919.0,053,53,063400,53053063400,58.77872977016184
862,4363.0,1886.0,669.0,053,53,063501,53053063501,43.22713729085492
863,4871.0,1950.0,499.0,053,53,063502,53053063502,40.03284746458633
864,3808.0,3470.0,126.0,053,53,070100,53053070100,91.12394957983193
865,5678.0,4798.0,189.0,053,53,070203,53053070203,84.50158506516378
866,3854.0,3592.0,0.0,053,53,070204,53053070204,93.20186818889465
867,3220.0,2941.0,0.0,053,53,070205,53053070205,91.33540372670808
868,4042.0,3920.0,28.0,053,53,070206,53053070206,96.98169223156853
869,5173.0,4701.0,22.0,053,53,070207,53053070207,90.87570075391456
870,5277.0,5060.0,0.0,053,53,070307,53053070307,95.88781504642789
871,3556.0,3387.0,48.0,053,53,070308,53053070308,95.2474690663667
872,5273.0,4723.0,103.0,053,53,070309,53053070309,89.56950502560213
873,5322.0,4656.0,54.0,053,53,070310,53053070310,87.4859075535513
874,5102.0,4242.0,113.0,053,53,070311,53053070311,83.1438651509212
875,5693.0,4959.0,66.0,053,53,070312,53053070312,87.10697347619885
876,5640.0,5149.0,0.0,053,53,070313,53053070313,91.29432624113475
877,3270.0,2975.0,0.0,053,53,070314,53053070314,90.97859327217125
878,5597.0,4492.0,20.0,053,53,070315,53053070315,80.25728068608183
879,5756.0,3746.0,468.0,053,53,070316,53053070316,65.07991660875608
880,2294.0,2006.0,4.0,053,53,070401,53053070401,87.44551002615518
881,3802.0,3470.0,4.0,053,53,070403,53053070403,91.26775381378222
882,4870.0,4361.0,44.0,053,53,070404,53053070404,89.5482546201232
883,6198.0,5418.0,168.0,053,53,070703,53053070703,87.41529525653436
884,2328.0,1874.0,0.0,053,53,071100,53053071100,80.49828178694159
885,4866.0,3974.0,80.0,053,53,071205,53053071205,81.66872174270448
886,6552.0,5644.0,217.0,053,53,071206,53053071206,86.14163614163614
887,6354.0,4883.0,103.0,053,53,071207,53053071207,76.84922883223166
888,7692.0,5870.0,246.0,053,53,071208,53053071208,76.31305252210089
889,4120.0,3514.0,112.0,053,53,071209,53053071209,85.29126213592232
890,4521.0,3906.0,8.0,053,53,071210,53053071210,86.39681486396815
891,6298.0,4351.0,511.0,053,53,071304,53053071304,69.08542394410924
892,3729.0,3053.0,52.0,053,53,071305,53053071305,81.87181550013408
893,6380.0,4670.0,387.0,053,53,071306,53053071306,73.1974921630094
894,4709.0,3811.0,333.0,053,53,071307,53053071307,80.93013378636653
895,4475.0,2915.0,257.0,053,53,071309,53053071309,65.13966480446928
896,4940.0,3915.0,200.0,053,53,071310,53053071310,79.25101214574899
897,4096.0,3043.0,320.0,053,53,071403,53053071403,74.2919921875
898,6992.0,4601.0,659.0,053,53,071406,53053071406,65.80377574370709
899,7011.0,5484.0,891.0,053,53,071407,53053071407,78.21994009413778
900,3910.0,2312.0,402.0,053,53,071408,53053071408,59.130434782608695
901,4460.0,2840.0,319.0,053,53,071409,53053071409,63.67713004484305
902,7101.0,5444.0,856.0,053,53,071410,53053071410,76.66525841430784
903,5269.0,3616.0,664.0,053,53,071411,53053071411,68.62782311634086
904,5271.0,3687.0,492.0,053,53,071503,53053071503,69.94877632327831
905,5838.0,4012.0,635.0,053,53,071504,53053071504,68.72216512504282
906,5060.0,3524.0,527.0,053,53,071505,53053071505,69.64426877470356
907,5094.0,3259.0,536.0,053,53,071506,53053071506,63.97722811150373
908,4852.0,2249.0,626.0,053,53,071601,53053071601,46.3520197856554
909,6650.0,3687.0,934.0,053,53,071602,53053071602,55.443609022556394
910,3503.0,1817.0,633.0,053,53,071703,53053071703,51.869825863545536
911,4973.0,2415.0,603.0,053,53,071704,53053071704,48.56223607480394
912,3821.0,2404.0,177.0,053,53,071705,53053071705,62.91546715519497
913,1872.0,1078.0,318.0,053,53,071706,53053071706,57.58547008547008
914,2852.0,2178.0,301.0,053,53,071707,53053071707,76.36746143057503
915,5522.0,3603.0,962.0,053,53,071803,53053071803,65.24809851503079
916,4434.0,1364.0,446.0,053,53,071805,53053071805,30.76229138475417
917,4175.0,1776.0,745.0,053,53,071806,53053071806,42.538922155688624
918,3568.0,1816.0,541.0,053,53,071807,53053071807,50.89686098654709
919,4188.0,2469.0,400.0,053,53,071808,53053071808,58.95415472779369
920,4924.0,3133.0,502.0,053,53,071901,53053071901,63.62713241267263
921,4995.0,4140.0,203.0,053,53,071902,53053071902,82.88288288288288
922,4345.0,2822.0,289.0,053,53,072000,53053072000,64.9482163406214
923,5277.0,3526.0,432.0,053,53,072105,53053072105,66.81826795527762
924,6156.0,4020.0,858.0,053,53,072106,53053072106,65.30214424951268
925,4180.0,3009.0,272.0,053,53,072107,53053072107,71.98564593301435
926,5695.0,4007.0,617.0,053,53,072108,53053072108,70.35996488147498
927,3415.0,2621.0,195.0,053,53,072109,53053072109,76.74963396778917
928,2644.0,1906.0,92.0,053,53,072111,53053072111,72.08774583963692
929,4361.0,2588.0,477.0,053,53,072112,53053072112,59.34418711304746
930,5994.0,4611.0,297.0,053,53,072305,53053072305,76.92692692692692
931,4479.0,3116.0,622.0,053,53,072307,53053072307,69.56910024559053
932,7538.0,5089.0,372.0,053,53,072308,53053072308,67.51127620058371
933,5872.0,4523.0,188.0,053,53,072309,53053072309,77.02656675749319
934,3700.0,3015.0,177.0,053,53,072310,53053072310,81.48648648648648
935,4412.0,2414.0,734.0,053,53,072311,53053072311,54.71441523118767
936,5245.0,3536.0,234.0,053,53,072312,53053072312,67.41658722592946
937,3589.0,2620.0,242.0,053,53,072313,53053072313,73.00083588743382
938,4113.0,3827.0,0.0,053,53,072405,53053072405,93.04643812302456
939,6070.0,5791.0,24.0,053,53,072406,53053072406,95.40362438220757
940,4795.0,3732.0,129.0,053,53,072407,53053072407,77.8310740354536
941,6009.0,5524.0,109.0,053,53,072408,53053072408,91.92877350640705
942,2572.0,2420.0,20.0,053,53,072409,53053072409,94.09020217729393
943,3731.0,3318.0,26.0,053,53,072410,53053072410,88.93058161350844
944,4451.0,3822.0,11.0,053,53,072503,53053072503,85.86834419231634
945,5242.0,4218.0,202.0,053,53,072504,53053072504,80.46547119420069
946,7063.0,6356.0,68.0,053,53,072505,53053072505,89.99008919722498
947,3133.0,2781.0,58.0,053,53,072506,53053072506,88.76476220874561
948,2675.0,2304.0,13.0,053,53,072507,53053072507,86.13084112149532
949,5474.0,4722.0,74.0,053,53,072601,53053072601,86.26233101936427
950,4190.0,4035.0,0.0,053,53,072602,53053072602,96.30071599045345
951,4753.0,4386.0,112.0,053,53,072603,53053072603,92.27856090889965
952,9192.0,6732.0,842.0,053,53,072800,53053072800,73.23759791122716
953,3288.0,2295.0,545.0,053,53,072901,53053072901,69.7992700729927
954,3700.0,2368.0,742.0,053,53,072903,53053072903,64.0
955,6027.0,4353.0,772.0,053,53,072905,53053072905,72.22498755599801
956,1557.0,1162.0,179.0,053,53,072906,53053072906,74.63070006422608
957,5792.0,4262.0,742.0,053,53,072907,53053072907,73.5842541436464
958,6125.0,5633.0,2.0,053,53,073001,53053073001,91.9673469387755
959,5500.0,4873.0,46.0,053,53,073005,53053073005,88.6
960,3763.0,3569.0,0.0,053,53,073006,53053073006,94.84453893170343
961,8026.0,5547.0,552.0,053,53,073108,53053073108,69.11288312982806
962,3577.0,3189.0,38.0,053,53,073110,53053073110,89.15292144254963
963,4379.0,3902.0,65.0,053,53,073111,53053073111,89.10710207810001
964,6875.0,5572.0,266.0,053,53,073113,53053073113,81.04727272727273
965,5525.0,4617.0,451.0,053,53,073114,53053073114,83.56561085972851
966,4130.0,3447.0,38.0,053,53,073115,53053073115,83.46246973365618
967,3628.0,3125.0,64.0,053,53,073116,53053073116,86.13561190738699
968,3826.0,3561.0,77.0,053,53,073117,53053073117,93.07370622059592
969,4269.0,3952.0,13.0,053,53,073118,53053073118,92.57437338955259
970,2965.0,2820.0,19.0,053,53,073119,53053073119,95.1096121416526
971,4138.0,2999.0,396.0,053,53,073120,53053073120,72.47462542290963
972,4809.0,3930.0,120.0,053,53,073121,53053073121,81.72177167810356
973,4446.0,3320.0,229.0,053,53,073122,53053073122,74.67386414754836
974,5106.0,3698.0,212.0,053,53,073123,53053073123,72.42459851155503
975,3755.0,3301.0,0.0,053,53,073124,53053073124,87.90945406125167
976,9541.0,7634.0,693.0,053,53,073125,53053073125,80.01257729797715
977,4158.0,2550.0,485.0,053,53,073126,53053073126,61.327561327561334
978,5855.0,5619.0,6.0,053,53,073200,53053073200,95.96925704526046
979,5884.0,4978.0,75.0,053,53,073301,53053073301,84.60231135282122
980,3790.0,3362.0,21.0,053,53,073302,53053073302,88.7071240105541
981,5703.0,5103.0,97.0,053,53,073404,53053073404,89.47922146238821
982,3521.0,2694.0,167.0,053,53,073405,53053073405,76.51235444476
983,5475.0,4345.0,141.0,053,53,073406,53053073406,79.36073059360731
984,3855.0,3326.0,33.0,053,53,073407,53053073407,86.27756160830091
985,4119.0,3688.0,33.0,053,53,073408,53053073408,89.53629521728574
986,7289.0,6377.0,8.0,053,53,073500,53053073500,87.48799560982302
987,2682.0,2143.0,85.0,053,53,940001,53053940001,79.90305741983595
988,3788.0,2571.0,281.0,053,53,940002,53053940002,67.87222808870116
989,7244.0,4189.0,778.0,053,53,940003,53053940003,57.82716731087797
990,6617.0,5607.0,290.0,053,53,940004,53053940004,84.73628532567629
991,6060.0,3979.0,489.0,053,53,940005,53053940005,65.66006600660066
992,2901.0,592.0,963.0,053,53,940006,53053940006,20.40675629093416
993,3258.0,1265.0,297.0,053,53,940007,53053940007,38.827501534683854
994,6050.0,4057.0,386.0,053,53,940008,53053940008,67.05785123966942
995,2878.0,2553.0,67.0,053,53,940009,53053940009,88.70743571924949
996,4179.0,3681.0,91.0,053,53,940010,53053940010,88.08327351040919
997,4357.0,3199.0,124.0,053,53,940011,53053940011,73.42207941243976
998,5467.0,5048.0,44.0,055,53,960100,53055960100,92.3358331809036
999,4641.0,4450.0,35.0,055,53,960300,53055960300,95.88450764921353
1000,2842.0,2510.0,7.0,055,53,960400,53055960400,88.31808585503167
1001,3006.0,2763.0,18.0,055,53,960500,53055960500,91.91616766467065
1002,0.0,0.0,0.0,055,53,990100,53055990100,
1003,2249.0,2101.0,0.0,057,53,940200,53057940200,93.41929746554024
1004,4791.0,4515.0,25.0,057,53,940300,53057940300,94.23919849718222
1005,6976.0,6523.0,27.0,057,53,940400,53057940400,93.50630733944955
1006,2551.0,2265.0,27.0,057,53,940500,53057940500,88.78871030968247
1007,1501.0,1464.0,13.0,057,53,940600,53057940600,97.53497668221186
1008,1539.0,1428.0,7.0,057,53,940700,53057940700,92.78752436647173
1009,2888.0,2132.0,17.0,057,53,940800,53057940800,73.82271468144043
1010,775.0,734.0,2.0,057,53,950100,53057950100,94.70967741935485
1011,5768.0,5597.0,0.0,057,53,950800,53057950800,97.03536754507628
1012,4366.0,3787.0,148.0,057,53,950900,53057950900,86.73843334860284
1013,2721.0,2568.0,0.0,057,53,951000,53057951000,94.37706725468577
1014,4990.0,4560.0,10.0,057,53,951100,53057951100,91.38276553106212
1015,3065.0,2847.0,1.0,057,53,951200,53057951200,92.88743882544861
1016,1801.0,1707.0,0.0,057,53,951300,53057951300,94.78067740144365
1017,4063.0,3508.0,55.0,057,53,951400,53057951400,86.34014275166133
1018,9535.0,8634.0,45.0,057,53,951500,53057951500,90.55060304142633
1019,4427.0,3903.0,11.0,057,53,951600,53057951600,88.16354190196522
1020,3901.0,3394.0,0.0,057,53,951700,53057951700,87.00333247885158
1021,4864.0,3050.0,61.0,057,53,951800,53057951800,62.70559210526315
1022,3601.0,3255.0,10.0,057,53,951900,53057951900,90.39155790058318
1023,3400.0,3322.0,4.0,057,53,952100,53057952100,97.70588235294117
1024,4622.0,3372.0,181.0,057,53,952200,53057952200,72.95543054954565
1025,5030.0,3101.0,172.0,057,53,952301,53057952301,61.65009940357853
1026,9224.0,7206.0,30.0,057,53,952302,53057952302,78.122289679098
1027,2899.0,2417.0,0.0,057,53,952401,53057952401,83.37357709555019
1028,7728.0,5981.0,14.0,057,53,952402,53057952402,77.39389233954451
1029,2937.0,2443.0,48.0,057,53,952500,53057952500,83.18011576438543
1030,3700.0,3326.0,46.0,057,53,952600,53057952600,89.8918918918919
1031,3431.0,3006.0,8.0,057,53,952700,53057952700,87.61294083357622
1032,0.0,0.0,0.0,057,53,990100,53057990100,
1033,184.0,182.0,0.0,059,53,950100,53059950100,98.91304347826086
1034,4889.0,4652.0,48.0,059,53,950200,53059950200,95.15238290038863
1035,1745.0,1588.0,29.0,059,53,950300,53059950300,91.0028653295129
1036,2123.0,2018.0,18.0,059,53,950400,53059950400,95.05416862929816
1037,2302.0,2063.0,0.0,059,53,950500,53059950500,89.61772371850564
1038,4537.0,3866.0,311.0,061,53,040100,53061040100,85.21049151421644
1039,5671.0,3536.0,320.0,061,53,040200,53061040200,62.35231881502381
1040,2878.0,2481.0,11.0,061,53,040300,53061040300,86.20569840166783
1041,4322.0,3574.0,252.0,061,53,040400,53061040400,82.69319759370661
1042,2329.0,1802.0,49.0,061,53,040500,53061040500,77.37226277372264
1043,3982.0,3318.0,193.0,061,53,040700,53061040700,83.3249623304872
1044,2598.0,2063.0,65.0,061,53,040800,53061040800,79.4072363356428
1045,2900.0,2628.0,24.0,061,53,040900,53061040900,90.62068965517241
1046,5738.0,4990.0,132.0,061,53,041000,53061041000,86.96409898919484
1047,4645.0,3346.0,65.0,061,53,041100,53061041100,72.03444564047363
1048,3313.0,2488.0,42.0,061,53,041201,53061041201,75.09809840024147
1049,6484.0,5178.0,235.0,061,53,041202,53061041202,79.85811227637261
1050,5385.0,4606.0,0.0,061,53,041301,53061041301,85.5338904363974
1051,4351.0,3456.0,90.0,061,53,041303,53061041303,79.43001608825557
1052,2872.0,2353.0,58.0,061,53,041304,53061041304,81.92896935933148
1053,5485.0,4446.0,41.0,061,53,041400,53061041400,81.0574293527803
1054,1387.0,1263.0,34.0,061,53,041500,53061041500,91.05984138428262
1055,5780.0,4221.0,180.0,061,53,041601,53061041601,73.02768166089966
1056,6545.0,5398.0,188.0,061,53,041605,53061041605,82.4751718869366
1057,5642.0,4046.0,166.0,061,53,041606,53061041606,71.712158808933
1058,3962.0,3270.0,59.0,061,53,041607,53061041607,82.53407370015144
1059,6416.0,5010.0,178.0,061,53,041608,53061041608,78.0860349127182
1060,5502.0,3403.0,501.0,061,53,041701,53061041701,61.850236277717194
1061,5779.0,3930.0,441.0,061,53,041703,53061041703,68.00484512891504
1062,5500.0,3955.0,67.0,061,53,041704,53061041704,71.9090909090909
1063,5475.0,3497.0,306.0,061,53,041805,53061041805,63.87214611872146
1064,8776.0,5823.0,312.0,061,53,041806,53061041806,66.3514129443938
1065,3900.0,2873.0,243.0,061,53,041808,53061041808,73.66666666666667
1066,5515.0,3338.0,637.0,061,53,041809,53061041809,60.52583862194017
1067,4583.0,2915.0,322.0,061,53,041810,53061041810,63.604625790966615
1068,7149.0,4924.0,419.0,061,53,041811,53061041811,68.87676598125611
1069,6080.0,3591.0,308.0,061,53,041812,53061041812,59.06249999999999
1070,4368.0,2906.0,98.0,061,53,041901,53061041901,66.52930402930403
1071,7624.0,5253.0,641.0,061,53,041903,53061041903,68.90083945435467
1072,5637.0,4050.0,247.0,061,53,041904,53061041904,71.84672698243747
1073,6189.0,4225.0,463.0,061,53,041905,53061041905,68.26627888188722
1074,5720.0,4835.0,42.0,061,53,042001,53061042001,84.52797202797203
1075,3315.0,2940.0,16.0,061,53,042003,53061042003,88.68778280542986
1076,4425.0,3228.0,139.0,061,53,042004,53061042004,72.94915254237289
1077,5158.0,3383.0,14.0,061,53,042005,53061042005,65.58743699108182
1078,4959.0,3239.0,46.0,061,53,042006,53061042006,65.31558782012502
1079,2687.0,2192.0,121.0,061,53,050101,53061050101,81.57796799404541
1080,5966.0,3994.0,145.0,061,53,050102,53061050102,66.94602748910494
1081,4167.0,3660.0,2.0,061,53,050200,53061050200,87.83297336213103
1082,5456.0,4597.0,0.0,061,53,050300,53061050300,84.25586510263929
1083,7028.0,5950.0,17.0,061,53,050401,53061050401,84.66135458167331
1084,5242.0,4286.0,166.0,061,53,050402,53061050402,81.76268599771079
1085,7156.0,6245.0,0.0,061,53,050500,53061050500,87.26942425936276
1086,1263.0,946.0,68.0,061,53,050600,53061050600,74.90102929532858
1087,6321.0,4424.0,433.0,061,53,050700,53061050700,69.9889258028793
1088,6252.0,4821.0,140.0,061,53,050800,53061050800,77.11132437619962
1089,3236.0,2437.0,183.0,061,53,050900,53061050900,75.30902348578492
1090,4780.0,3619.0,158.0,061,53,051000,53061051000,75.7112970711297
1091,4097.0,3026.0,45.0,061,53,051100,53061051100,73.85892116182573
1092,4520.0,3124.0,121.0,061,53,051200,53061051200,69.11504424778762
1093,6723.0,4820.0,303.0,061,53,051300,53061051300,71.69418414398334
1094,7147.0,4046.0,1005.0,061,53,051400,53061051400,56.611165523996085
1095,5783.0,4061.0,217.0,061,53,051500,53061051500,70.2230676119661
1096,4629.0,3293.0,331.0,061,53,051601,53061051601,71.13847483257723
1097,4312.0,3190.0,197.0,061,53,051602,53061051602,73.9795918367347
1098,6192.0,3329.0,585.0,061,53,051701,53061051701,53.762919896640824
1099,4363.0,2793.0,288.0,061,53,051702,53061051702,64.01558560623424
1100,5661.0,3255.0,402.0,061,53,051802,53061051802,57.49867514573397
1101,6221.0,3294.0,462.0,061,53,051803,53061051803,52.94968654557145
1102,4832.0,2841.0,353.0,061,53,051804,53061051804,58.795529801324506
1103,8551.0,5528.0,747.0,061,53,051905,53061051905,64.64740965968893
1104,2362.0,2080.0,0.0,061,53,051912,53061051912,88.06096528365792
1105,4563.0,3722.0,46.0,061,53,051913,53061051913,81.56914310760465
1106,4335.0,3766.0,56.0,061,53,051914,53061051914,86.87427912341407
1107,8007.0,5735.0,298.0,061,53,051915,53061051915,71.62482827525915
1108,3561.0,2984.0,37.0,061,53,051916,53061051916,83.79668632406627
1109,4123.0,3529.0,1.0,061,53,051917,53061051917,85.59301479505214
1110,5009.0,3963.0,2.0,061,53,051918,53061051918,79.11758834098622
1111,4909.0,3921.0,68.0,061,53,051921,53061051921,79.87370136484009
1112,4994.0,3391.0,342.0,061,53,051922,53061051922,67.90148177813377
1113,5515.0,4006.0,46.0,061,53,051923,53061051923,72.63825929283772
1114,6048.0,4634.0,63.0,061,53,051924,53061051924,76.62037037037037
1115,7807.0,4450.0,292.0,061,53,051925,53061051925,57.00012809017549
1116,4969.0,3559.0,118.0,061,53,051926,53061051926,71.62406922922118
1117,4857.0,3552.0,28.0,061,53,051927,53061051927,73.13156269302038
1118,5015.0,3189.0,146.0,061,53,051928,53061051928,63.589232303090725
1119,8931.0,5500.0,190.0,061,53,052003,53061052003,61.583249356175116
1120,6266.0,4417.0,150.0,061,53,052004,53061052004,70.49154165336738
1121,5705.0,4628.0,91.0,061,53,052005,53061052005,81.12182296231376
1122,4350.0,3119.0,61.0,061,53,052006,53061052006,71.70114942528735
1123,5185.0,3576.0,8.0,061,53,052007,53061052007,68.96817743490838
1124,3914.0,3181.0,76.0,061,53,052104,53061052104,81.27235564639754
1125,1680.0,1477.0,14.0,061,53,052105,53061052105,87.91666666666667
1126,4931.0,3766.0,0.0,061,53,052107,53061052107,76.37396065706753
1127,6377.0,6048.0,42.0,061,53,052108,53061052108,94.84083424807903
1128,2631.0,2398.0,0.0,061,53,052112,53061052112,91.1440516913721
1129,3152.0,2909.0,23.0,061,53,052113,53061052113,92.29060913705584
1130,4910.0,4171.0,35.0,061,53,052114,53061052114,84.949083503055
1131,6904.0,5991.0,124.0,061,53,052115,53061052115,86.77578215527231
1132,7121.0,6050.0,26.0,061,53,052118,53061052118,84.95997753124561
1133,5189.0,4585.0,14.0,061,53,052203,53061052203,88.35999229138562
1134,5442.0,4836.0,63.0,061,53,052204,53061052204,88.86438809261301
1135,4188.0,3961.0,0.0,061,53,052206,53061052206,94.57975167144221
1136,5876.0,5614.0,6.0,061,53,052207,53061052207,95.54118447923757
1137,3682.0,2856.0,64.0,061,53,052208,53061052208,77.56653992395437
1138,6045.0,4622.0,494.0,061,53,052209,53061052209,76.45988420181968
1139,4292.0,4088.0,19.0,061,53,052301,53061052301,95.24697110904008
1140,4043.0,3659.0,15.0,061,53,052302,53061052302,90.50210239920851
1141,4252.0,3653.0,25.0,061,53,052401,53061052401,85.91251175917215
1142,3912.0,3587.0,18.0,061,53,052402,53061052402,91.6922290388548
1143,4768.0,4611.0,0.0,061,53,052502,53061052502,96.70721476510067
1144,6818.0,6015.0,1.0,061,53,052503,53061052503,88.22235259606923
1145,2322.0,2119.0,85.0,061,53,052504,53061052504,91.25753660637382
1146,2407.0,2208.0,16.0,061,53,052603,53061052603,91.7324470294973
1147,4475.0,4004.0,5.0,061,53,052604,53061052604,89.47486033519553
1148,5954.0,5492.0,0.0,061,53,052605,53061052605,92.24051058112194
1149,5475.0,4878.0,27.0,061,53,052606,53061052606,89.0958904109589
1150,6075.0,5294.0,35.0,061,53,052607,53061052607,87.1440329218107
1151,1626.0,1575.0,0.0,061,53,052701,53061052701,96.86346863468634
1152,7703.0,6201.0,108.0,061,53,052705,53061052705,80.50110346618202
1153,5969.0,5046.0,37.0,061,53,052706,53061052706,84.5367733288658
1154,4023.0,3439.0,34.0,061,53,052707,53061052707,85.48347004722844
1155,5249.0,4340.0,46.0,061,53,052708,53061052708,82.68241569822823
1156,3570.0,3317.0,27.0,061,53,052709,53061052709,92.91316526610645
1157,5469.0,4745.0,190.0,061,53,052803,53061052803,86.76174803437557
1158,7799.0,6021.0,30.0,061,53,052804,53061052804,77.20220541095011
1159,4157.0,3421.0,82.0,061,53,052805,53061052805,82.29492422420014
1160,6990.0,5809.0,94.0,061,53,052806,53061052806,83.10443490701002
1161,4276.0,3596.0,21.0,061,53,052903,53061052903,84.09728718428437
1162,5619.0,4659.0,118.0,061,53,052904,53061052904,82.91510945008008
1163,4297.0,3499.0,13.0,061,53,052905,53061052905,81.4289038864324
1164,4986.0,4434.0,34.0,061,53,052906,53061052906,88.92900120336944
1165,3961.0,3481.0,1.0,061,53,053101,53061053101,87.88184801817724
1166,4824.0,4589.0,0.0,061,53,053102,53061053102,95.12852404643449
1167,3923.0,3484.0,188.0,061,53,053201,53061053201,88.80958450165689
1168,4402.0,3984.0,8.0,061,53,053202,53061053202,90.50431621990005
1169,6366.0,5918.0,19.0,061,53,053301,53061053301,92.96261388627082
1170,5570.0,5185.0,76.0,061,53,053302,53061053302,93.08797127468583
1171,5693.0,5310.0,133.0,061,53,053400,53061053400,93.27243983839804
1172,6381.0,5854.0,1.0,061,53,053504,53061053504,91.74110640965367
1173,5226.0,4774.0,0.0,061,53,053505,53061053505,91.35093761959435
1174,5637.0,5219.0,2.0,061,53,053506,53061053506,92.58470817810893
1175,4964.0,4410.0,112.0,061,53,053507,53061053507,88.83964544721998
1176,3529.0,3191.0,1.0,061,53,053508,53061053508,90.42221592519127
1177,3869.0,3478.0,0.0,061,53,053509,53061053509,89.89402946497803
1178,5928.0,5487.0,43.0,061,53,053602,53061053602,92.56072874493927
1179,3862.0,3658.0,0.0,061,53,053603,53061053603,94.71776281719316
1180,4443.0,4212.0,65.0,061,53,053604,53061053604,94.80081026333559
1181,3139.0,2909.0,9.0,061,53,053700,53061053700,92.67282574068174
1182,3430.0,3161.0,9.0,061,53,053801,53061053801,92.15743440233236
1183,5405.0,4892.0,0.0,061,53,053802,53061053802,90.50878815911193
1184,5520.0,5176.0,55.0,061,53,053803,53061053803,93.76811594202898
1185,6562.0,4790.0,58.0,061,53,940001,53061940001,72.99603779335568
1186,3479.0,2131.0,54.0,061,53,940002,53061940002,61.25323368784134
1187,0.0,0.0,0.0,061,53,990002,53061990002,
1188,0.0,0.0,0.0,061,53,990100,53061990100,
1189,4703.0,4281.0,130.0,063,53,000200,53063000200,91.02700403997449
1190,5121.0,4320.0,90.0,063,53,000300,53063000300,84.3585237258348
1191,4508.0,3568.0,218.0,063,53,000400,53063000400,79.14818101153504
1192,3279.0,2958.0,10.0,063,53,000500,53063000500,90.21043000914914
1193,3281.0,2867.0,31.0,063,53,000600,53063000600,87.38189576348674
1194,4515.0,4158.0,23.0,063,53,000700,53063000700,92.09302325581396
1195,4790.0,4465.0,45.0,063,53,000800,53063000800,93.21503131524008
1196,6466.0,5954.0,25.0,063,53,000900,53063000900,92.08165790287659
1197,5553.0,5171.0,18.0,063,53,001000,53063001000,93.1208355843688
1198,3417.0,3096.0,43.0,063,53,001100,53063001100,90.60579455662862
1199,2167.0,1984.0,46.0,063,53,001200,53063001200,91.55514536225196
1200,3371.0,2827.0,245.0,063,53,001300,53063001300,83.862355384159
1201,6151.0,4936.0,237.0,063,53,001400,53063001400,80.24711429035929
1202,5213.0,4628.0,4.0,063,53,001500,53063001500,88.7780548628429
1203,3667.0,2953.0,169.0,063,53,001600,53063001600,80.52904281428961
1204,2742.0,2422.0,88.0,063,53,001800,53063001800,88.32968636032093
1205,3318.0,2789.0,87.0,063,53,001900,53063001900,84.05666063893912
1206,4025.0,3303.0,19.0,063,53,002000,53063002000,82.06211180124224
1207,2381.0,2074.0,55.0,063,53,002100,53063002100,87.10625787484251
1208,5577.0,5021.0,154.0,063,53,002300,53063002300,90.03048233817465
1209,2938.0,2261.0,71.0,063,53,002400,53063002400,76.9571136827774
1210,8171.0,6939.0,298.0,063,53,002500,53063002500,84.92228613388814
1211,5441.0,4104.0,235.0,063,53,002600,53063002600,75.42731115603749
1212,3124.0,2439.0,49.0,063,53,002900,53063002900,78.0729833546735
1213,2621.0,1796.0,200.0,063,53,003000,53063003000,68.52346432659292
1214,4627.0,4152.0,84.0,063,53,003100,53063003100,89.73416900799654
1215,2598.0,2192.0,51.0,063,53,003200,53063003200,84.37259430331024
1216,2193.0,2029.0,33.0,063,53,003500,53063003500,92.52165982672138
1217,4306.0,3765.0,246.0,063,53,003600,53063003600,87.4361356247097
1218,1644.0,1494.0,4.0,063,53,003800,53063003800,90.87591240875912
1219,2063.0,1988.0,0.0,063,53,003900,53063003900,96.36451769268056
1220,4736.0,3996.0,127.0,063,53,004000,53063004000,84.375
1221,2329.0,2126.0,0.0,063,53,004100,53063004100,91.28381279519107
1222,4700.0,4491.0,0.0,063,53,004200,53063004200,95.5531914893617
1223,3391.0,3247.0,46.0,063,53,004300,53063004300,95.75346505455617
1224,4542.0,3856.0,303.0,063,53,004400,53063004400,84.89652135623074
1225,3434.0,3098.0,38.0,063,53,004500,53063004500,90.21549213744903
1226,3585.0,2978.0,16.0,063,53,004601,53063004601,83.06834030683403
1227,3077.0,2671.0,21.0,063,53,004602,53063004602,86.80532986675334
1228,6456.0,5593.0,248.0,063,53,004700,53063004700,86.63258983890955
1229,3937.0,3551.0,142.0,063,53,004800,53063004800,90.19558039116077
1230,5918.0,5199.0,51.0,063,53,004900,53063004900,87.85062521122
1231,3674.0,3412.0,34.0,063,53,005000,53063005000,92.86880783886772
1232,6003.0,5820.0,24.0,063,53,010100,53063010100,96.95152423788106
1233,3759.0,3685.0,0.0,063,53,010201,53063010201,98.0313913274807
1234,7054.0,6854.0,0.0,063,53,010202,53063010202,97.16472923164162
1235,4375.0,4171.0,0.0,063,53,010301,53063010301,95.33714285714285
1236,3364.0,3130.0,0.0,063,53,010303,53063010303,93.04399524375742
1237,5058.0,4917.0,0.0,063,53,010304,53063010304,97.21233689205219
1238,5857.0,5582.0,0.0,063,53,010305,53063010305,95.30476353081782
1239,6598.0,4601.0,479.0,063,53,010401,53063010401,69.7332525007578
1240,7361.0,6975.0,0.0,063,53,010402,53063010402,94.7561472626002
1241,8262.0,7780.0,104.0,063,53,010501,53063010501,94.16606148632293
1242,7471.0,7028.0,30.0,063,53,010503,53063010503,94.07040556819702
1243,3404.0,3331.0,0.0,063,53,010504,53063010504,97.85546415981199
1244,3714.0,3466.0,88.0,063,53,010601,53063010601,93.322563274098
1245,7593.0,6979.0,44.0,063,53,010602,53063010602,91.91360463584881
1246,6473.0,5796.0,22.0,063,53,010700,53063010700,89.54117101807509
1247,2123.0,1893.0,19.0,063,53,010800,53063010800,89.1662741403674
1248,5099.0,4560.0,61.0,063,53,010900,53063010900,89.42929986271818
1249,3865.0,3420.0,69.0,063,53,011000,53063011000,88.48641655886158
1250,5557.0,4117.0,438.0,063,53,011101,53063011101,74.08673744826345
1251,4250.0,3580.0,50.0,063,53,011102,53063011102,84.23529411764706
1252,7855.0,7104.0,117.0,063,53,011201,53063011201,90.43921069382559
1253,4041.0,3796.0,14.0,063,53,011202,53063011202,93.93714427121999
1254,7568.0,6845.0,47.0,063,53,011300,53063011300,90.44661733615223
1255,5872.0,5220.0,75.0,063,53,011400,53063011400,88.89645776566758
1256,1514.0,1421.0,2.0,063,53,011500,53063011500,93.85733157199472
1257,1686.0,1521.0,73.0,063,53,011600,53063011600,90.2135231316726
1258,2185.0,2071.0,19.0,063,53,011701,53063011701,94.78260869565217
1259,5915.0,5176.0,209.0,063,53,011702,53063011702,87.50633981403212
1260,3946.0,3604.0,0.0,063,53,011800,53063011800,91.33299543841865
1261,4395.0,3749.0,220.0,063,53,011900,53063011900,85.3014789533561
1262,4138.0,3933.0,0.0,063,53,012000,53063012000,95.04591590140164
1263,2742.0,2393.0,35.0,063,53,012100,53063012100,87.27206418672502
1264,2269.0,2027.0,59.0,063,53,012200,53063012200,89.33450859409432
1265,5488.0,4755.0,146.0,063,53,012300,53063012300,86.64358600583091
1266,4146.0,3853.0,11.0,063,53,012401,53063012401,92.93294741919922
1267,6010.0,5660.0,0.0,063,53,012402,53063012402,94.17637271214643
1268,3669.0,3348.0,22.0,063,53,012500,53063012500,91.25102207686018
1269,4396.0,3549.0,53.0,063,53,012600,53063012600,80.73248407643312
1270,3733.0,3574.0,43.0,063,53,012701,53063012701,95.74069113313689
1271,2090.0,2067.0,0.0,063,53,012702,53063012702,98.89952153110048
1272,4002.0,3580.0,50.0,063,53,012801,53063012801,89.4552723638181
1273,3520.0,3252.0,0.0,063,53,012802,53063012802,92.38636363636363
1274,3229.0,3033.0,0.0,063,53,012901,53063012901,93.9300092908021
1275,6757.0,5954.0,29.0,063,53,012902,53063012902,88.11602782299838
1276,7896.0,7129.0,98.0,063,53,013000,53063013000,90.28622087132725
1277,10935.0,10328.0,42.0,063,53,013100,53063013100,94.44901691815272
1278,7735.0,7288.0,0.0,063,53,013201,53063013201,94.22107304460245
1279,9390.0,8437.0,89.0,063,53,013202,53063013202,89.85090521831735
1280,3175.0,3032.0,34.0,063,53,013300,53063013300,95.49606299212599
1281,4817.0,4182.0,82.0,063,53,013401,53063013401,86.81752127880424
1282,8469.0,7652.0,179.0,063,53,013500,53063013500,90.35305230841894
1283,4715.0,3847.0,110.0,063,53,013600,53063013600,81.59066808059386
1284,3535.0,2824.0,158.0,063,53,013700,53063013700,79.88684582743988
1285,2947.0,2311.0,325.0,063,53,013800,53063013800,78.41873091279267
1286,5774.0,5210.0,142.0,063,53,013900,53063013900,90.23207481815034
1287,5602.0,4434.0,254.0,063,53,014001,53063014001,79.15030346304891
1288,5151.0,4680.0,190.0,063,53,014002,53063014002,90.85614443797321
1289,5868.0,5102.0,211.0,063,53,014100,53063014100,86.94614860259033
1290,3285.0,3105.0,0.0,063,53,014200,53063014200,94.52054794520548
1291,2837.0,2679.0,0.0,063,53,014300,53063014300,94.43073669369052
1292,4718.0,3951.0,138.0,063,53,014400,53063014400,83.74311148791861
1293,1827.0,1611.0,47.0,063,53,014500,53063014500,88.17733990147784
1294,2204.0,319.0,9.0,065,53,941000,53065941000,14.473684210526317
1295,7302.0,6957.0,17.0,065,53,950100,53065950100,95.27526705012326
1296,3463.0,3302.0,0.0,065,53,950200,53065950200,95.35085186254693
1297,2754.0,2483.0,1.0,065,53,950300,53065950300,90.15976761074799
1298,2231.0,2183.0,19.0,065,53,950500,53065950500,97.84849843119677
1299,2466.0,2336.0,1.0,065,53,950600,53065950600,94.72830494728305
1300,2546.0,2284.0,66.0,065,53,950700,53065950700,89.70934799685782
1301,3174.0,2956.0,0.0,065,53,950800,53065950800,93.13169502205419
1302,1568.0,1444.0,0.0,065,53,950900,53065950900,92.09183673469387
1303,3753.0,3296.0,51.0,065,53,951100,53065951100,87.82307487343458
1304,3896.0,3777.0,12.0,065,53,951300,53065951300,96.94558521560575
1305,8191.0,7498.0,37.0,065,53,951400,53065951400,91.53949456720791
1306,3121.0,2783.0,101.0,067,53,010100,53067010100,89.17013777635373
1307,5464.0,4784.0,47.0,067,53,010200,53067010200,87.55490483162518
1308,4929.0,4302.0,122.0,067,53,010300,53067010300,87.27936701156422
1309,3594.0,3273.0,29.0,067,53,010400,53067010400,91.06844741235392
1310,1607.0,1360.0,34.0,067,53,010510,53067010510,84.62974486621033
1311,5646.0,4905.0,71.0,067,53,010520,53067010520,86.87566418703507
1312,6088.0,5255.0,77.0,067,53,010600,53067010600,86.3173455978975
1313,6273.0,5070.0,166.0,067,53,010700,53067010700,80.82257293161167
1314,6497.0,5875.0,31.0,067,53,010800,53067010800,90.42635062336463
1315,7725.0,5748.0,438.0,067,53,010910,53067010910,74.40776699029126
1316,4053.0,3523.0,181.0,067,53,010920,53067010920,86.92326671601282
1317,4891.0,4516.0,0.0,067,53,011000,53067011000,92.33285626661214
1318,3908.0,2992.0,46.0,067,53,011100,53067011100,76.56090071647903
1319,5184.0,4143.0,226.0,067,53,011200,53067011200,79.91898148148148
1320,4590.0,4019.0,46.0,067,53,011300,53067011300,87.5599128540305
1321,5318.0,4254.0,63.0,067,53,011410,53067011410,79.99247837532907
1322,6902.0,5722.0,65.0,067,53,011420,53067011420,82.90350623007824
1323,6079.0,5075.0,159.0,067,53,011500,53067011500,83.48412567856556
1324,6785.0,5135.0,394.0,067,53,011610,53067011610,75.68165070007369
1325,7262.0,4838.0,699.0,067,53,011621,53067011621,66.62076562930322
1326,4651.0,3460.0,136.0,067,53,011622,53067011622,74.39260374113094
1327,5904.0,4344.0,282.0,067,53,011623,53067011623,73.57723577235772
1328,3935.0,3249.0,147.0,067,53,011624,53067011624,82.56670902160101
1329,7830.0,6733.0,169.0,067,53,011710,53067011710,85.98978288633461
1330,4687.0,4091.0,35.0,067,53,011720,53067011720,87.28397695754214
1331,3587.0,3329.0,29.0,067,53,011810,53067011810,92.80735991078896
1332,3945.0,3592.0,53.0,067,53,011821,53067011821,91.05196451204056
1333,4319.0,3783.0,0.0,067,53,011822,53067011822,87.58971984255615
1334,7313.0,6788.0,0.0,067,53,011900,53067011900,92.82100369205524
1335,6660.0,5698.0,4.0,067,53,012000,53067012000,85.55555555555556
1336,4031.0,3842.0,57.0,067,53,012100,53067012100,95.3113371371868
1337,2550.0,2095.0,73.0,067,53,012211,53067012211,82.15686274509804
1338,7434.0,5650.0,219.0,067,53,012212,53067012212,76.00215227333872
1339,5475.0,4086.0,360.0,067,53,012221,53067012221,74.63013698630137
1340,8045.0,6234.0,435.0,067,53,012222,53067012222,77.48912367930392
1341,10613.0,6679.0,1229.0,067,53,012310,53067012310,62.93225289738999
1342,3275.0,1869.0,110.0,067,53,012320,53067012320,57.06870229007633
1343,4742.0,2934.0,376.0,067,53,012330,53067012330,61.87262758329819
1344,7633.0,6587.0,182.0,067,53,012411,53067012411,86.29634481855103
1345,5078.0,4061.0,34.0,067,53,012412,53067012412,79.97243009058684
1346,4021.0,3614.0,7.0,067,53,012420,53067012420,89.8781397662273
1347,3172.0,2821.0,69.0,067,53,012510,53067012510,88.9344262295082
1348,6854.0,6049.0,109.0,067,53,012520,53067012520,88.25503355704699
1349,4217.0,3660.0,148.0,067,53,012530,53067012530,86.79155797960635
1350,6338.0,5680.0,91.0,067,53,012610,53067012610,89.61817608078259
1351,4517.0,4290.0,3.0,067,53,012620,53067012620,94.97454062430816
1352,2325.0,2125.0,0.0,067,53,012710,53067012710,91.39784946236558
1353,7301.0,6188.0,27.0,067,53,012720,53067012720,84.75551294343241
1354,6355.0,5870.0,82.0,067,53,012730,53067012730,92.3682140047207
1355,0.0,0.0,0.0,067,53,990100,53067990100,
1356,4035.0,3751.0,5.0,069,53,950100,53069950100,92.96158612143742
1357,5144.0,4565.0,15.0,071,53,920000,53071920000,88.74416796267496
1358,4560.0,4222.0,49.0,071,53,920100,53071920100,92.58771929824562
1359,4218.0,3513.0,4.0,071,53,920200,53071920200,83.28591749644382
1360,8844.0,7535.0,113.0,071,53,920300,53071920300,85.19900497512438
1361,2892.0,1577.0,614.0,071,53,920400,53071920400,54.52973720608575
1362,2921.0,2170.0,26.0,071,53,920500,53071920500,74.28962684012325
1363,5450.0,4839.0,57.0,071,53,920600,53071920600,88.78899082568807
1364,3847.0,3384.0,12.0,071,53,920701,53071920701,87.96464777748896
1365,4520.0,4181.0,0.0,071,53,920702,53071920702,92.5
1366,4935.0,4392.0,21.0,071,53,920801,53071920801,88.99696048632218
1367,3692.0,3029.0,16.0,071,53,920802,53071920802,82.04225352112677
1368,8703.0,8100.0,58.0,071,53,920900,53071920900,93.07135470527405
1369,9846.0,8130.0,150.0,073,53,000100,53073000100,82.5716026812919
1370,10012.0,8805.0,112.0,073,53,000200,53073000200,87.94446664003196
1371,8653.0,6378.0,167.0,073,53,000300,53073000300,73.70854039061598
1372,6419.0,5852.0,0.0,073,53,000400,53073000400,91.16684841875681
1373,4950.0,4616.0,24.0,073,53,000501,53073000501,93.25252525252526
1374,2487.0,2024.0,38.0,073,53,000502,53073000502,81.38319260152794
1375,1718.0,1359.0,34.0,073,53,000600,53073000600,79.10360884749709
1376,6812.0,4976.0,96.0,073,53,000700,53073000700,73.04756312389901
1377,6145.0,5106.0,26.0,073,53,000803,53073000803,83.09194467046379
1378,6837.0,6055.0,55.0,073,53,000804,53073000804,88.56223489834723
1379,5078.0,4547.0,1.0,073,53,000805,53073000805,89.54312721543914
1380,8661.0,7996.0,68.0,073,53,000806,53073000806,92.32190278258862
1381,6446.0,5595.0,26.0,073,53,000901,53073000901,86.798014272417
1382,5862.0,4991.0,67.0,073,53,000902,53073000902,85.14158990105766
1383,6620.0,5828.0,65.0,073,53,001000,53073001000,88.03625377643505
1384,6787.0,6128.0,44.0,073,53,001100,53073001100,90.29026079269191
1385,7134.0,6205.0,82.0,073,53,001201,53073001201,86.97785253714606
1386,3706.0,3522.0,11.0,073,53,001202,53073001202,95.03507825148408
1387,8308.0,7607.0,1.0,073,53,010100,53073010100,91.56234954260954
1388,8947.0,7721.0,21.0,073,53,010200,53073010200,86.29708282105733
1389,6886.0,6366.0,13.0,073,53,010301,53073010301,92.44844612256753
1390,4810.0,4524.0,29.0,073,53,010302,53073010302,94.05405405405406
1391,5786.0,4768.0,19.0,073,53,010303,53073010303,82.40580712063603
1392,8079.0,6882.0,38.0,073,53,010401,53073010401,85.18380987746008
1393,4712.0,4473.0,59.0,073,53,010403,53073010403,94.92784380305602
1394,6545.0,5872.0,98.0,073,53,010404,53073010404,89.71734148204736
1395,7469.0,6361.0,132.0,073,53,010501,53073010501,85.16535011380371
1396,7520.0,6108.0,177.0,073,53,010502,53073010502,81.22340425531915
1397,6597.0,5591.0,33.0,073,53,010600,53073010600,84.75064423222676
1398,5762.0,5420.0,76.0,073,53,010701,53073010701,94.0645609163485
1399,4173.0,3075.0,2.0,073,53,010702,53073010702,73.68799424874192
1400,965.0,893.0,6.0,073,53,010900,53073010900,92.53886010362694
1401,1270.0,1163.0,18.0,073,53,011000,53073011000,91.5748031496063
1402,5098.0,2072.0,36.0,073,53,940000,53073940000,40.64338956453511
1403,7239.0,5888.0,182.0,075,53,000100,53075000100,81.33720127089377
1404,6770.0,5577.0,67.0,075,53,000200,53075000200,82.3781388478582
1405,5002.0,4312.0,95.0,075,53,000300,53075000300,86.20551779288284
1406,4038.0,3628.0,168.0,075,53,000400,53075000400,89.84645864289253
1407,3547.0,2359.0,169.0,075,53,000500,53075000500,66.50690724555963
1408,6958.0,4714.0,229.0,075,53,000600,53075000600,67.74935326243174
1409,3593.0,3467.0,25.0,075,53,000700,53075000700,96.49318118563875
1410,3509.0,3331.0,38.0,075,53,000800,53075000800,94.92732972356796
1411,3850.0,3590.0,34.0,075,53,000900,53075000900,93.24675324675324
1412,2231.0,2198.0,0.0,075,53,001000,53075001000,98.52084267144778
1413,3094.0,2148.0,69.0,077,53,000100,53077000100,69.42469295410471
1414,5996.0,3875.0,77.0,077,53,000200,53077000200,64.62641761174116
1415,4216.0,3014.0,1.0,077,53,000300,53077000300,71.48956356736242
1416,7344.0,6292.0,40.0,077,53,000400,53077000400,85.67538126361656
1417,5141.0,4294.0,31.0,077,53,000500,53077000500,83.52460610776113
1418,7743.0,4339.0,47.0,077,53,000600,53077000600,56.03771148133798
1419,7520.0,5108.0,129.0,077,53,000700,53077000700,67.92553191489363
1420,4441.0,3805.0,41.0,077,53,000800,53077000800,85.67890114839001
1421,7464.0,6222.0,211.0,077,53,000901,53077000901,83.36012861736334
1422,4116.0,2921.0,0.0,077,53,000902,53077000902,70.96695821185617
1423,5516.0,4888.0,0.0,077,53,001000,53077001000,88.61493836113125
1424,6984.0,5621.0,117.0,077,53,001100,53077001100,80.4839633447881
1425,3859.0,2471.0,55.0,077,53,001201,53077001201,64.03213267685929
1426,6344.0,4707.0,67.0,077,53,001202,53077001202,74.19609079445145
1427,2416.0,1801.0,0.0,077,53,001300,53077001300,74.54470198675497
1428,3633.0,2468.0,73.0,077,53,001400,53077001400,67.93283787503441
1429,7569.0,5362.0,134.0,077,53,001501,53077001501,70.84159069890342
1430,2946.0,1844.0,45.0,077,53,001502,53077001502,62.59334691106585
1431,2262.0,1942.0,0.0,077,53,001601,53077001601,85.85322723253758
1432,6896.0,5907.0,68.0,077,53,001602,53077001602,85.65835266821345
1433,2738.0,2319.0,41.0,077,53,001701,53077001701,84.69685902118334
1434,6276.0,5077.0,36.0,077,53,001702,53077001702,80.89547482472913
1435,7346.0,6367.0,0.0,077,53,001800,53077001800,86.67301933024775
1436,4229.0,3415.0,65.0,077,53,001901,53077001901,80.7519508157957
1437,6609.0,5537.0,30.0,077,53,001902,53077001902,83.77969435618097
1438,8428.0,7029.0,11.0,077,53,002001,53077002001,83.40056953013763
1439,8937.0,7954.0,0.0,077,53,002002,53077002002,89.00078326060199
1440,2028.0,1781.0,0.0,077,53,002101,53077002101,87.82051282051282
1441,8294.0,7385.0,13.0,077,53,002102,53077002102,89.04027007475284
1442,8796.0,6984.0,0.0,077,53,002200,53077002200,79.39972714870396
1443,3033.0,2550.0,0.0,077,53,002701,53077002701,84.0751730959446
1444,4999.0,4665.0,0.0,077,53,002801,53077002801,93.31866373274656
1445,8281.0,7136.0,40.0,077,53,002802,53077002802,86.17316749184882
1446,6591.0,4750.0,91.0,077,53,002900,53077002900,72.0679714762555
1447,4486.0,4205.0,2.0,077,53,003001,53077003001,93.73606776638431
1448,3263.0,2720.0,39.0,077,53,003002,53077003002,83.35887220349372
1449,5554.0,4844.0,103.0,077,53,003100,53077003100,87.21642059776738
1450,6668.0,5816.0,44.0,077,53,003200,53077003200,87.22255548890222
1451,4581.0,4069.0,152.0,077,53,003400,53077003400,88.82340100414756
1452,6393.0,3719.0,65.0,077,53,940001,53077940001,58.173001720631945
1453,4332.0,2352.0,39.0,077,53,940002,53077940002,54.29362880886427
1454,3299.0,1499.0,3.0,077,53,940003,53077940003,45.438011518642014
1455,7086.0,4703.0,49.0,077,53,940004,53077940004,66.37030764888513
1456,4808.0,3799.0,50.0,077,53,940005,53077940005,79.01414309484193
1457,4853.0,3325.0,7.0,077,53,940006,53077940006,68.51432103853287
